{
    "center_x": 4.285066666666667,
    "center_y": 13.282333333333334,
    "center_z": 43.5499,
    "size_x": 12.8545,
    "size_y": 13.7482,
    "size_z": 14.604199999999999
}