{
    "center_x": 16.519430769230766,
    "center_y": 8.59742051282051,
    "center_z": 105.87968461538458,
    "size_x": 16.417299999999997,
    "size_y": 24.833099999999998,
    "size_z": 19.909000000000006
}