{
    "center_x": 40.90292916666666,
    "center_y": 7.814129166666667,
    "center_z": -32.637054166666665,
    "size_x": 16.393100000000004,
    "size_y": 19.9309,
    "size_z": 16.061
}