{
    "center_x": 31.69646666666667,
    "center_y": 65.95187777777777,
    "center_z": 8.34691111111111,
    "size_x": 13.1099,
    "size_y": 12.906199999999998,
    "size_z": 14.0124
}