{
    "center_x": 17.67120344827586,
    "center_y": -3.0491620689655177,
    "center_z": 10.242686206896554,
    "size_x": 22.2768,
    "size_y": 18.2994,
    "size_z": 15.6297
}