{
    "center_x": 37.914966666666665,
    "center_y": 35.71557777777778,
    "center_z": 114.73897777777779,
    "size_x": 14.14,
    "size_y": 14.668300000000002,
    "size_z": 14.9876
}