{
    "center_x": 3.6039374999999993,
    "center_y": -12.836016666666666,
    "center_z": -10.761137500000002,
    "size_x": 20.4847,
    "size_y": 15.3681,
    "size_z": 14.8964
}