{
    "center_x": 43.19232727272727,
    "center_y": 75.6111909090909,
    "center_z": 51.928963636363626,
    "size_x": 14.5501,
    "size_y": 14.764300000000006,
    "size_z": 12.500300000000003
}