{
    "center_x": 7.805358823529412,
    "center_y": 4.728123529411765,
    "center_z": -9.067064705882352,
    "size_x": 15.9082,
    "size_y": 14.2219,
    "size_z": 17.3948
}