{
    "center_x": -18.200525000000003,
    "center_y": -13.123741666666668,
    "center_z": -9.607066666666666,
    "size_x": 16.025100000000002,
    "size_y": 13.5909,
    "size_z": 13.1659
}