{
    "center_x": 57.11177200000001,
    "center_y": 22.125252,
    "center_z": -36.912056,
    "size_x": 16.3166,
    "size_y": 18.0887,
    "size_z": 18.191200000000002
}