{
    "center_x": 66.55936285714286,
    "center_y": 35.156682857142854,
    "center_z": 74.79698571428571,
    "size_x": 28.0109,
    "size_y": 14.841699999999996,
    "size_z": 16.679199999999994
}