{
    "center_x": 21.16067894736842,
    "center_y": 4.840042105263157,
    "center_z": 1.4828473684210524,
    "size_x": 18.1398,
    "size_y": 13.2294,
    "size_z": 15.9766
}