{
    "center_x": -5.336004166666668,
    "center_y": 8.882354166666666,
    "center_z": 14.061183333333332,
    "size_x": 16.8296,
    "size_y": 18.0382,
    "size_z": 16.1191
}