{
    "center_x": 3.3668,
    "center_y": -6.224075,
    "center_z": 7.107900000000001,
    "size_x": 16.406100000000002,
    "size_y": 12.3281,
    "size_z": 15.642900000000001
}