{
    "center_x": 0.5398848484848489,
    "center_y": 11.42623333333333,
    "center_z": -7.323272727272726,
    "size_x": 18.375799999999998,
    "size_y": 18.605999999999998,
    "size_z": 19.9687
}