{
    "center_x": 10.101775,
    "center_y": 2.3223125,
    "center_z": 13.3702,
    "size_x": 16.421,
    "size_y": 16.9772,
    "size_z": 13.632
}