{
    "center_x": 13.1466625,
    "center_y": 23.02036875,
    "center_z": 5.558902083333333,
    "size_x": 22.3481,
    "size_y": 20.8703,
    "size_z": 18.4882
}