{
    "center_x": 91.56373333333335,
    "center_y": 97.32714166666669,
    "center_z": -44.701720833333354,
    "size_x": 14.355999999999995,
    "size_y": 23.668999999999997,
    "size_z": 18.198499999999996
}