{
    "center_x": -43.73664814814815,
    "center_y": -2.4021555555555554,
    "center_z": 23.945392592592594,
    "size_x": 25.1458,
    "size_y": 15.421800000000001,
    "size_z": 14.942900000000002
}