{
    "center_x": 24.301780952380952,
    "center_y": -16.8406380952381,
    "center_z": -9.837642857142857,
    "size_x": 13.9266,
    "size_y": 18.2756,
    "size_z": 18.7344
}