{
    "center_x": 15.623593617021275,
    "center_y": 16.704234042553196,
    "center_z": 19.142702127659575,
    "size_x": 16.9172,
    "size_y": 30.292099999999998,
    "size_z": 21.8258
}