{
    "center_x": -61.125095652173925,
    "center_y": -56.963765217391305,
    "center_z": 35.74158260869565,
    "size_x": 18.187599999999996,
    "size_y": 17.5907,
    "size_z": 19.4847
}