{
    "center_x": 82.3068625,
    "center_y": 222.80859375000003,
    "center_z": 93.68106875000001,
    "size_x": 17.2042,
    "size_y": 14.6233,
    "size_z": 15.2132
}