{
    "center_x": -29.60326818181818,
    "center_y": -3.9525000000000006,
    "center_z": -57.137327272727276,
    "size_x": 16.2236,
    "size_y": 19.040599999999998,
    "size_z": 17.349400000000003
}