{
    "center_x": 7.349013888888889,
    "center_y": 5.770205555555555,
    "center_z": 21.95727222222223,
    "size_x": 22.070999999999998,
    "size_y": 19.6189,
    "size_z": 22.217800000000004
}