{
    "center_x": -22.86853783783784,
    "center_y": 9.133875675675672,
    "center_z": -5.115351351351352,
    "size_x": 17.5466,
    "size_y": 15.857,
    "size_z": 25.052
}