{
    "center_x": -46.84879565217392,
    "center_y": -28.493382608695658,
    "center_z": 2.5125217391304346,
    "size_x": 17.893700000000003,
    "size_y": 15.186899999999998,
    "size_z": 19.237299999999998
}