{
    "center_x": 20.485095833333336,
    "center_y": 13.47166666666667,
    "center_z": 30.738104166666673,
    "size_x": 19.329,
    "size_y": 16.5263,
    "size_z": 16.335599999999996
}