{
    "center_x": -7.2632093750000015,
    "center_y": 0.8093093749999999,
    "center_z": 24.30826875,
    "size_x": 23.2939,
    "size_y": 15.299299999999999,
    "size_z": 20.9619
}