{
    "center_x": 31.133850000000013,
    "center_y": 3.098535,
    "center_z": -15.626529999999997,
    "size_x": 18.670299999999997,
    "size_y": 14.7881,
    "size_z": 16.5987
}