{
    "center_x": -0.3202361111111109,
    "center_y": 19.35162222222222,
    "center_z": 17.773497222222222,
    "size_x": 16.494500000000002,
    "size_y": 22.2873,
    "size_z": 18.5274
}