{
    "center_x": -14.059154385964906,
    "center_y": 19.257347368421048,
    "center_z": -15.489717543859637,
    "size_x": 24.93,
    "size_y": 23.9262,
    "size_z": 18.813100000000002
}