{
    "center_x": 64.81487499999999,
    "center_y": -21.56260416666666,
    "center_z": 48.95616666666667,
    "size_x": 19.37870000000001,
    "size_y": 16.7232,
    "size_z": 16.6411
}