{
    "center_x": 43.02645263157894,
    "center_y": 5.427184210526314,
    "center_z": 13.559831578947371,
    "size_x": 14.628299999999996,
    "size_y": 16.3064,
    "size_z": 19.395400000000002
}