{
    "center_x": 27.526507142857145,
    "center_y": -1.5131357142857147,
    "center_z": 28.75350714285714,
    "size_x": 13.7881,
    "size_y": 19.2469,
    "size_z": 14.5565
}