{
    "center_x": 6.025144827586205,
    "center_y": 1.9515103448275863,
    "center_z": 14.197372413793099,
    "size_x": 19.216700000000003,
    "size_y": 19.3136,
    "size_z": 18.6762
}