{
    "center_x": 26.207556521739132,
    "center_y": 17.05924782608696,
    "center_z": 62.92224782608695,
    "size_x": 17.8285,
    "size_y": 16.931600000000003,
    "size_z": 15.297800000000002
}