{
    "center_x": 13.733276666666663,
    "center_y": 149.35453999999996,
    "center_z": 25.919910000000005,
    "size_x": 17.0567,
    "size_y": 22.52969999999999,
    "size_z": 16.007800000000003
}