{
    "center_x": 42.11134230769229,
    "center_y": 31.23267692307692,
    "center_z": 32.60011153846154,
    "size_x": 21.9882,
    "size_y": 19.2875,
    "size_z": 17.181
}