{
    "center_x": -35.12381249999999,
    "center_y": 5.0670093750000005,
    "center_z": 20.803437499999998,
    "size_x": 20.751500000000004,
    "size_y": 18.4895,
    "size_z": 15.4879
}