{
    "center_x": -19.182093103448278,
    "center_y": -35.59743793103448,
    "center_z": 2.6241275862068965,
    "size_x": 16.926000000000002,
    "size_y": 19.5164,
    "size_z": 17.2804
}