{
    "center_x": -76.18792941176471,
    "center_y": 8.281435294117646,
    "center_z": 10.414717647058822,
    "size_x": 17.219300000000004,
    "size_y": 14.515799999999999,
    "size_z": 13.6021
}