{
    "center_x": 12.36907,
    "center_y": -11.14202,
    "center_z": 22.20698,
    "size_x": 12.6197,
    "size_y": 15.443000000000001,
    "size_z": 14.838700000000003
}