{
    "center_x": -25.431676315789474,
    "center_y": -54.214555263157905,
    "center_z": -10.189615789473686,
    "size_x": 22.2439,
    "size_y": 21.6729,
    "size_z": 20.4229
}