{
    "center_x": 15.693969999999998,
    "center_y": 2.44431,
    "center_z": 15.663909999999998,
    "size_x": 14.050799999999999,
    "size_y": 15.0501,
    "size_z": 13.1635
}