{
    "center_x": 16.158409090909092,
    "center_y": 4.034427272727273,
    "center_z": 15.86808181818182,
    "size_x": 14.346799999999998,
    "size_y": 14.9315,
    "size_z": 13.674900000000001
}