{
    "center_x": 31.04370606060606,
    "center_y": 47.12366363636363,
    "center_z": 8.045236363636365,
    "size_x": 18.104899999999997,
    "size_y": 20.199200000000005,
    "size_z": 17.7739
}