{
    "center_x": -14.011303703703707,
    "center_y": 43.29095925925927,
    "center_z": -13.824555555555559,
    "size_x": 21.261599999999998,
    "size_y": 17.682899999999997,
    "size_z": 15.785800000000002
}