{
    "center_x": -2.2177113636363632,
    "center_y": 5.67401818181818,
    "center_z": 9.431031818181816,
    "size_x": 16.465,
    "size_y": 18.502899999999997,
    "size_z": 30.329600000000003
}