{
    "center_x": 22.8763125,
    "center_y": -12.585012500000001,
    "center_z": -27.212062500000002,
    "size_x": 13.1633,
    "size_y": 13.8949,
    "size_z": 14.7863
}