{
    "center_x": 6.869017647058822,
    "center_y": -20.654511764705887,
    "center_z": -2.688705882352941,
    "size_x": 13.1341,
    "size_y": 19.0191,
    "size_z": 16.9563
}