{
    "center_x": 31.02729,
    "center_y": 21.07563,
    "center_z": 19.587629999999997,
    "size_x": 16.0239,
    "size_y": 13.479399999999998,
    "size_z": 13.603599999999997
}