{
    "center_x": 16.84134736842105,
    "center_y": 25.29831052631579,
    "center_z": 12.93625789473684,
    "size_x": 13.1632,
    "size_y": 16.469800000000003,
    "size_z": 17.604999999999997
}