{
    "center_x": 11.467369999999997,
    "center_y": 23.031956666666666,
    "center_z": 34.269180000000006,
    "size_x": 22.6175,
    "size_y": 21.0627,
    "size_z": 15.030600000000003
}