{
    "center_x": 54.99072777777778,
    "center_y": -21.025897222222223,
    "center_z": -10.63958333333333,
    "size_x": 16.9976,
    "size_y": 23.9904,
    "size_z": 18.361
}