{
    "center_x": 52.18328,
    "center_y": 10.409604999999999,
    "center_z": 48.814589999999995,
    "size_x": 18.900199999999998,
    "size_y": 18.261499999999998,
    "size_z": 15.002400000000002
}