{
    "center_x": 32.33078857142857,
    "center_y": 5.216814285714285,
    "center_z": -4.421891428571428,
    "size_x": 23.660800000000002,
    "size_y": 19.874499999999998,
    "size_z": 18.0197
}