{
    "center_x": 31.205375000000004,
    "center_y": 66.59606666666667,
    "center_z": 7.964716666666665,
    "size_x": 14.791200000000003,
    "size_y": 12.82350000000001,
    "size_z": 14.294799999999999
}