{
    "center_x": 12.037533333333334,
    "center_y": 62.71464666666666,
    "center_z": 65.39162,
    "size_x": 18.9425,
    "size_y": 14.334900000000005,
    "size_z": 12.920099999999998
}