{
    "center_x": 11.5533375,
    "center_y": -35.26235,
    "center_z": -34.21157499999999,
    "size_x": 22.5116,
    "size_y": 16.935499999999998,
    "size_z": 21.5364
}