{
    "center_x": 35.95727307692308,
    "center_y": -70.03331538461539,
    "center_z": 8.651226923076925,
    "size_x": 17.9225,
    "size_y": 22.00359999999999,
    "size_z": 14.473600000000001
}