{
    "center_x": 18.388423076923072,
    "center_y": -5.2189,
    "center_z": 8.298776923076922,
    "size_x": 19.0554,
    "size_y": 18.8087,
    "size_z": 16.1004
}