{
    "center_x": -19.09424166666667,
    "center_y": -29.746191666666665,
    "center_z": -5.564325,
    "size_x": 13.6889,
    "size_y": 14.0671,
    "size_z": 13.902899999999999
}