{
    "center_x": 11.347337037037038,
    "center_y": -21.603059259259258,
    "center_z": -6.679955555555555,
    "size_x": 21.701800000000002,
    "size_y": 17.5823,
    "size_z": 17.6005
}