{
    "center_x": 19.166029729729726,
    "center_y": 39.278691891891896,
    "center_z": 22.587681081081083,
    "size_x": 19.6459,
    "size_y": 18.834999999999994,
    "size_z": 19.6088
}