{
    "center_x": -18.767843749999997,
    "center_y": -7.573703124999998,
    "center_z": 27.717125000000003,
    "size_x": 22.5124,
    "size_y": 17.317700000000002,
    "size_z": 18.4945
}