{
    "center_x": 11.069190476190474,
    "center_y": 15.279423809523813,
    "center_z": 36.256171428571434,
    "size_x": 18.6112,
    "size_y": 17.5325,
    "size_z": 17.5713
}