{
    "center_x": -14.604114285714285,
    "center_y": 10.258,
    "center_z": 24.33130714285715,
    "size_x": 12.4956,
    "size_y": 14.4689,
    "size_z": 16.3918
}