{
    "center_x": 39.0380761904762,
    "center_y": 5.202138095238095,
    "center_z": 6.815099999999999,
    "size_x": 16.6319,
    "size_y": 17.9225,
    "size_z": 16.6826
}