{
    "center_x": 5.473448387096774,
    "center_y": 8.931167741935484,
    "center_z": 27.405009677419358,
    "size_x": 16.0098,
    "size_y": 21.159,
    "size_z": 18.005999999999997
}