{
    "center_x": -18.459032432432426,
    "center_y": -9.008667567567564,
    "center_z": -13.080932432432432,
    "size_x": 18.7438,
    "size_y": 20.6923,
    "size_z": 21.1903
}