{
    "center_x": -6.323976190476191,
    "center_y": -3.549119047619048,
    "center_z": 16.897942857142862,
    "size_x": 14.008000000000001,
    "size_y": 22.334600000000002,
    "size_z": 16.9829
}