{
    "center_x": 22.17124545454545,
    "center_y": 10.746730303030303,
    "center_z": 31.92720606060606,
    "size_x": 19.1346,
    "size_y": 21.6588,
    "size_z": 18.883000000000003
}