{
    "center_x": 48.86223809523809,
    "center_y": 27.13183333333333,
    "center_z": 13.07314761904762,
    "size_x": 17.464699999999993,
    "size_y": 16.8298,
    "size_z": 15.8898
}