{
    "center_x": -6.013582608695652,
    "center_y": 34.479030434782615,
    "center_z": -19.634039130434786,
    "size_x": 15.259599999999999,
    "size_y": 14.575800000000001,
    "size_z": 20.8636
}