{
    "center_x": 45.53166,
    "center_y": 86.22754500000002,
    "center_z": 41.76643,
    "size_x": 18.756299999999996,
    "size_y": 16.957300000000004,
    "size_z": 14.3647
}