{
    "center_x": 16.657405555555556,
    "center_y": 9.468422222222223,
    "center_z": 11.139911111111111,
    "size_x": 17.684199999999997,
    "size_y": 15.1946,
    "size_z": 17.3589
}