{
    "center_x": 12.744948,
    "center_y": 7.027027999999999,
    "center_z": 19.450991999999996,
    "size_x": 17.036299999999997,
    "size_y": 18.6959,
    "size_z": 19.541
}