{
    "center_x": -41.44267037037037,
    "center_y": 18.65947407407407,
    "center_z": -21.712222222222223,
    "size_x": 20.0197,
    "size_y": 15.7134,
    "size_z": 18.0149
}