{
    "center_x": 26.702390476190473,
    "center_y": -11.442680952380956,
    "center_z": 57.94514761904762,
    "size_x": 18.1399,
    "size_y": 18.6864,
    "size_z": 15.1877
}