{
    "center_x": 1.1461966666666663,
    "center_y": 28.42902333333334,
    "center_z": 8.485193333333335,
    "size_x": 23.4285,
    "size_y": 18.92,
    "size_z": 17.122799999999998
}