{
    "center_x": -2.9995650000000005,
    "center_y": 10.002945,
    "center_z": 18.941905,
    "size_x": 15.5831,
    "size_y": 27.1057,
    "size_z": 17.462600000000002
}