{
    "center_x": -17.262057692307692,
    "center_y": -0.30568461538461544,
    "center_z": 21.944180769230766,
    "size_x": 17.9826,
    "size_y": 20.3408,
    "size_z": 15.5215
}