{
    "center_x": 30.983575000000002,
    "center_y": 65.97232500000001,
    "center_z": 8.259041666666667,
    "size_x": 15.627199999999998,
    "size_y": 12.543199999999999,
    "size_z": 14.1647
}