{
    "center_x": -0.28892307692307695,
    "center_y": 11.176861538461537,
    "center_z": 9.02396923076923,
    "size_x": 14.481300000000001,
    "size_y": 14.0923,
    "size_z": 16.2377
}