{
    "center_x": 28.057195999999998,
    "center_y": 2.4581800000000005,
    "center_z": 5.914427999999999,
    "size_x": 17.6203,
    "size_y": 18.5958,
    "size_z": 19.7457
}