{
    "center_x": -76.38785600000001,
    "center_y": -15.383492,
    "center_z": 18.16251,
    "size_x": 24.686700000000002,
    "size_y": 23.9264,
    "size_z": 19.2364
}