{
    "center_x": 1.195316,
    "center_y": 5.833827999999999,
    "center_z": 31.972764000000005,
    "size_x": 17.1032,
    "size_y": 16.5163,
    "size_z": 16.5897
}