{
    "center_x": 17.573369565217394,
    "center_y": 31.004099999999998,
    "center_z": 17.175913043478264,
    "size_x": 19.2275,
    "size_y": 18.068499999999997,
    "size_z": 14.571900000000001
}