{
    "center_x": 90.71237647058823,
    "center_y": -44.81698823529411,
    "center_z": 45.355599999999995,
    "size_x": 16.435699999999997,
    "size_y": 16.3087,
    "size_z": 16.1742
}