{
    "center_x": -30.201124999999994,
    "center_y": 1.562925,
    "center_z": -8.758583333333332,
    "size_x": 14.0595,
    "size_y": 13.02,
    "size_z": 16.2473
}