{
    "center_x": 19.473875000000003,
    "center_y": 4.8229999999999995,
    "center_z": 28.893766666666664,
    "size_x": 11.958400000000001,
    "size_y": 14.642900000000001,
    "size_z": 16.1751
}