{
    "center_x": -4.723409999999999,
    "center_y": -5.705360000000001,
    "center_z": -17.46085,
    "size_x": 15.3568,
    "size_y": 16.2113,
    "size_z": 12.939
}