{
    "center_x": 14.017473333333335,
    "center_y": 0.01152000000000002,
    "center_z": 59.122879999999995,
    "size_x": 17.913800000000002,
    "size_y": 14.2988,
    "size_z": 16.100500000000004
}