{
    "center_x": 21.592940000000002,
    "center_y": 14.339369999999999,
    "center_z": 62.41704,
    "size_x": 11.947099999999999,
    "size_y": 14.825499999999998,
    "size_z": 15.34449999999999
}