{
    "center_x": 45.55926969696971,
    "center_y": -21.042199999999998,
    "center_z": 14.466581818181819,
    "size_x": 20.5068,
    "size_y": 16.111900000000002,
    "size_z": 24.083199999999998
}