{
    "center_x": 9.792433333333333,
    "center_y": 6.140494444444445,
    "center_z": -17.15853333333333,
    "size_x": 14.3748,
    "size_y": 13.3834,
    "size_z": 19.8654
}