{
    "center_x": 11.12379,
    "center_y": 25.85129,
    "center_z": -6.291129999999999,
    "size_x": 13.8561,
    "size_y": 16.3632,
    "size_z": 11.0329
}