{
    "center_x": 33.926563157894726,
    "center_y": 22.746273684210525,
    "center_z": 28.228194736842102,
    "size_x": 15.3858,
    "size_y": 16.4985,
    "size_z": 17.4639
}