{
    "center_x": -2.394575862068966,
    "center_y": 23.483555172413798,
    "center_z": 1.0419793103448276,
    "size_x": 20.602,
    "size_y": 19.196,
    "size_z": 20.0199
}