{
    "center_x": -6.228227777777779,
    "center_y": 17.95552222222222,
    "center_z": -9.28251111111111,
    "size_x": 15.502799999999999,
    "size_y": 14.894200000000001,
    "size_z": 17.616500000000002
}