{
    "center_x": 3.3070239999999997,
    "center_y": 48.77572,
    "center_z": 25.366220000000002,
    "size_x": 15.9411,
    "size_y": 17.875999999999998,
    "size_z": 20.1704
}