{
    "center_x": -1.635684,
    "center_y": 4.501598,
    "center_z": 9.106042,
    "size_x": 24.6095,
    "size_y": 24.9603,
    "size_z": 22.1212
}