{
    "center_x": 36.690195238095235,
    "center_y": -84.01583333333333,
    "center_z": -23.65752857142857,
    "size_x": 24.850499999999997,
    "size_y": 12.724800000000002,
    "size_z": 14.392900000000001
}