{
    "center_x": 15.543312499999999,
    "center_y": -1.5972625000000003,
    "center_z": 19.909987500000003,
    "size_x": 18.449800000000003,
    "size_y": 15.8381,
    "size_z": 12.525399999999998
}