{
    "center_x": -66.83971739130435,
    "center_y": 39.70001739130434,
    "center_z": -6.776782608695653,
    "size_x": 17.84519999999999,
    "size_y": 18.7498,
    "size_z": 15.3088
}