{
    "center_x": 58.17520833333334,
    "center_y": 67.08745,
    "center_z": 60.504999999999995,
    "size_x": 15.718600000000002,
    "size_y": 12.912800000000004,
    "size_z": 14.143500000000003
}