{
    "center_x": 17.056707692307693,
    "center_y": 16.953946153846154,
    "center_z": 21.41506153846154,
    "size_x": 14.464599999999999,
    "size_y": 11.4037,
    "size_z": 16.212699999999998
}