{
    "center_x": -4.6664692307692315,
    "center_y": 52.564476923076924,
    "center_z": 11.290946153846155,
    "size_x": 16.8926,
    "size_y": 12.650100000000002,
    "size_z": 14.6928
}