{
    "center_x": -13.71916923076923,
    "center_y": -7.849069230769231,
    "center_z": 9.69773076923077,
    "size_x": 15.591899999999999,
    "size_y": 14.828299999999999,
    "size_z": 13.6732
}