{
    "center_x": 1.8571555555555557,
    "center_y": 21.750411111111113,
    "center_z": -2.8504111111111112,
    "size_x": 11.1503,
    "size_y": 13.8827,
    "size_z": 14.7546
}