{
    "center_x": 2.4400258064516134,
    "center_y": 6.000590322580644,
    "center_z": -21.52987741935484,
    "size_x": 19.1984,
    "size_y": 15.658,
    "size_z": 21.3468
}