{
    "center_x": 0.2972399999999999,
    "center_y": -10.350846666666664,
    "center_z": 39.346693333333334,
    "size_x": 15.4714,
    "size_y": 17.0402,
    "size_z": 15.138199999999998
}