{
    "center_x": 116.84706250000002,
    "center_y": 14.074994999999996,
    "center_z": -0.7130400000000002,
    "size_x": 18.273600000000002,
    "size_y": 17.0696,
    "size_z": 24.7881
}