{
    "center_x": -8.361077777777778,
    "center_y": -10.962955555555556,
    "center_z": 9.16448888888889,
    "size_x": 15.673200000000001,
    "size_y": 16.4563,
    "size_z": 16.9168
}