{
    "center_x": 36.32887058823528,
    "center_y": -30.058100000000003,
    "center_z": 43.58605294117647,
    "size_x": 17.3911,
    "size_y": 16.217499999999998,
    "size_z": 13.884
}