{
    "center_x": 31.645480000000003,
    "center_y": -9.377544,
    "center_z": 64.079948,
    "size_x": 17.5219,
    "size_y": 17.9842,
    "size_z": 16.202499999999993
}