{
    "center_x": 36.979526923076925,
    "center_y": -11.596515384615383,
    "center_z": 8.261292307692308,
    "size_x": 20.224899999999998,
    "size_y": 16.256,
    "size_z": 17.903
}