{
    "center_x": -14.719853846153844,
    "center_y": -6.372761538461538,
    "center_z": 20.888338461538464,
    "size_x": 17.4382,
    "size_y": 14.5975,
    "size_z": 13.2482
}