{
    "center_x": 2.94065,
    "center_y": 10.899657142857142,
    "center_z": 14.496164285714288,
    "size_x": 19.6433,
    "size_y": 13.517999999999999,
    "size_z": 13.379900000000001
}