{
    "center_x": -40.10758148148148,
    "center_y": -11.90165185185185,
    "center_z": -88.00830000000002,
    "size_x": 17.3707,
    "size_y": 20.761200000000002,
    "size_z": 17.545699999999997
}