{
    "center_x": 19.611849999999993,
    "center_y": 30.05182380952381,
    "center_z": 14.085645238095239,
    "size_x": 19.751799999999996,
    "size_y": 22.557499999999997,
    "size_z": 18.6706
}