{
    "center_x": 26.170271428571418,
    "center_y": 1.1071535714285714,
    "center_z": 1.5526571428571425,
    "size_x": 22.192,
    "size_y": 15.6853,
    "size_z": 16.188299999999998
}