{
    "center_x": 30.407381249999993,
    "center_y": 66.6827375,
    "center_z": 8.808887499999999,
    "size_x": 16.175100000000004,
    "size_y": 12.780100000000004,
    "size_z": 16.4232
}