{
    "center_x": 18.792177777777777,
    "center_y": -10.875469444444446,
    "center_z": 21.59263611111112,
    "size_x": 20.8443,
    "size_y": 18.3311,
    "size_z": 19.9841
}