{
    "center_x": 15.791549999999994,
    "center_y": 16.385126923076925,
    "center_z": 19.348376923076916,
    "size_x": 20.2675,
    "size_y": 14.3278,
    "size_z": 19.5088
}