{
    "center_x": -23.382479166666666,
    "center_y": -15.922887500000003,
    "center_z": -7.7208041666666665,
    "size_x": 18.446,
    "size_y": 20.038600000000002,
    "size_z": 13.5384
}