{
    "center_x": 38.89423333333333,
    "center_y": -26.75848148148148,
    "center_z": 10.409870370370369,
    "size_x": 19.8161,
    "size_y": 14.3886,
    "size_z": 16.6792
}