{
    "center_x": 33.09082916666667,
    "center_y": -31.532420833333333,
    "center_z": -1.5357291666666668,
    "size_x": 24.4311,
    "size_y": 16.8304,
    "size_z": 16.9981
}