{
    "center_x": 19.880009756097557,
    "center_y": -1.8219,
    "center_z": 16.95922926829268,
    "size_x": 22.3637,
    "size_y": 20.6252,
    "size_z": 17.5828
}