{
    "center_x": 3.7765583333333335,
    "center_y": 13.076791666666665,
    "center_z": 42.43924166666667,
    "size_x": 12.8427,
    "size_y": 14.5585,
    "size_z": 16.3181
}