{
    "center_x": 27.499000000000002,
    "center_y": 28.937590909090908,
    "center_z": 16.259172727272727,
    "size_x": 13.631600000000002,
    "size_y": 14.320799999999998,
    "size_z": 16.174500000000002
}