{
    "center_x": 50.969870967741926,
    "center_y": 40.01463870967742,
    "center_z": 178.1265709677419,
    "size_x": 22.347499999999997,
    "size_y": 18.0355,
    "size_z": 21.07849999999999
}