{
    "center_x": -2.6791444444444443,
    "center_y": 27.774892592592582,
    "center_z": 3.5039296296296296,
    "size_x": 18.3044,
    "size_y": 21.207299999999996,
    "size_z": 16.391
}