{
    "center_x": 29.91776829268293,
    "center_y": 5.205260975609756,
    "center_z": 14.906670731707317,
    "size_x": 16.796599999999998,
    "size_y": 18.564999999999998,
    "size_z": 23.5257
}