{
    "center_x": -23.76039,
    "center_y": 16.736660000000004,
    "center_z": -13.26461,
    "size_x": 14.9286,
    "size_y": 14.586,
    "size_z": 12.122100000000001
}