{
    "center_x": 8.685623076923077,
    "center_y": 2.0609153846153845,
    "center_z": 25.195723076923077,
    "size_x": 12.178799999999999,
    "size_y": 17.0564,
    "size_z": 14.5638
}