{
    "center_x": 17.219502857142857,
    "center_y": 133.85590857142856,
    "center_z": -2.5877600000000003,
    "size_x": 17.8522,
    "size_y": 15.820799999999991,
    "size_z": 21.211
}