{
    "center_x": 58.03595384615385,
    "center_y": 17.455215384615386,
    "center_z": 14.895038461538462,
    "size_x": 14.255700000000004,
    "size_y": 12.587200000000003,
    "size_z": 16.1732
}