{
    "center_x": 10.409388000000003,
    "center_y": 19.688767999999996,
    "center_z": 29.886236,
    "size_x": 15.876,
    "size_y": 21.407000000000004,
    "size_z": 16.6666
}