{
    "center_x": -20.286473333333333,
    "center_y": 35.18464000000001,
    "center_z": 4.784713333333333,
    "size_x": 15.7512,
    "size_y": 15.4591,
    "size_z": 15.6303
}