{
    "center_x": -45.35562222222223,
    "center_y": 49.92232222222222,
    "center_z": 67.60123333333335,
    "size_x": 13.281400000000005,
    "size_y": 13.8033,
    "size_z": 13.325999999999993
}