{
    "center_x": 29.875077777777776,
    "center_y": 21.356011111111112,
    "center_z": 26.710977777777778,
    "size_x": 21.4813,
    "size_y": 22.8027,
    "size_z": 14.560199999999998
}