{
    "center_x": 33.119563636363644,
    "center_y": 58.520690909090916,
    "center_z": 48.09281818181819,
    "size_x": 12.5611,
    "size_y": 14.4159,
    "size_z": 16.6747
}