{
    "center_x": 22.56801904761905,
    "center_y": -18.41389047619048,
    "center_z": 8.282866666666669,
    "size_x": 19.562800000000003,
    "size_y": 13.484499999999997,
    "size_z": 15.9609
}