{
    "center_x": 19.14476666666667,
    "center_y": 56.00955555555555,
    "center_z": 30.728455555555552,
    "size_x": 14.014399999999998,
    "size_y": 14.419200000000004,
    "size_z": 18.7089
}