{
    "center_x": -22.202761538461537,
    "center_y": 13.386369230769231,
    "center_z": 27.442592307692316,
    "size_x": 15.948099999999997,
    "size_y": 12.8444,
    "size_z": 15.276
}