{
    "center_x": 1.0274642857142857,
    "center_y": 6.738478571428571,
    "center_z": -31.65295714285714,
    "size_x": 13.4818,
    "size_y": 18.7721,
    "size_z": 12.556600000000003
}