{
    "center_x": -14.48822631578947,
    "center_y": 22.271921052631576,
    "center_z": -9.577052631578947,
    "size_x": 13.749900000000002,
    "size_y": 19.2826,
    "size_z": 14.6938
}