{
    "center_x": 4.987364285714286,
    "center_y": 31.056828571428575,
    "center_z": 5.375889285714286,
    "size_x": 19.627000000000002,
    "size_y": 16.174300000000002,
    "size_z": 18.9097
}