{
    "center_x": -34.28585714285715,
    "center_y": 53.326328571428576,
    "center_z": 88.23145357142856,
    "size_x": 15.115100000000002,
    "size_y": 16.385399999999997,
    "size_z": 24.813000000000002
}