{
    "center_x": 20.777077419354843,
    "center_y": -29.67715483870968,
    "center_z": 9.482754838709676,
    "size_x": 24.843899999999998,
    "size_y": 17.3948,
    "size_z": 21.1095
}