{
    "center_x": 46.59932307692308,
    "center_y": 25.551423076923076,
    "center_z": 41.42116153846155,
    "size_x": 12.4861,
    "size_y": 14.621100000000002,
    "size_z": 16.8061
}