{
    "center_x": 22.44883636363636,
    "center_y": 38.25882272727273,
    "center_z": 36.98868181818181,
    "size_x": 18.4007,
    "size_y": 16.064799999999998,
    "size_z": 17.303000000000004
}