{
    "center_x": 8.601371428571428,
    "center_y": -15.534164285714288,
    "center_z": 5.324928571428571,
    "size_x": 26.2275,
    "size_y": 20.904899999999998,
    "size_z": 17.073900000000002
}