{
    "center_x": 22.344927777777773,
    "center_y": 9.769986111111109,
    "center_z": 24.04469722222222,
    "size_x": 20.0751,
    "size_y": 19.9601,
    "size_z": 20.3546
}