{
    "center_x": -7.861457142857143,
    "center_y": 15.120592857142858,
    "center_z": 11.266950000000003,
    "size_x": 16.1617,
    "size_y": 11.0955,
    "size_z": 14.5816
}