{
    "center_x": 6.252837037037036,
    "center_y": -45.459388888888874,
    "center_z": 14.82452962962963,
    "size_x": 27.5174,
    "size_y": 24.009499999999996,
    "size_z": 28.2133
}