{
    "center_x": 19.40187619047619,
    "center_y": -11.820423809523808,
    "center_z": 3.560266666666667,
    "size_x": 14.455400000000001,
    "size_y": 19.7958,
    "size_z": 18.0342
}