{
    "center_x": 48.34955217391305,
    "center_y": 18.1902,
    "center_z": 19.479778260869566,
    "size_x": 20.2665,
    "size_y": 19.6104,
    "size_z": 14.721800000000002
}