{
    "center_x": -28.062482352941174,
    "center_y": 8.034082352941176,
    "center_z": -1.929723529411765,
    "size_x": 22.911799999999996,
    "size_y": 20.9803,
    "size_z": 19.1348
}