{
    "center_x": 15.401835,
    "center_y": -3.5760250000000005,
    "center_z": 33.598655,
    "size_x": 21.511899999999997,
    "size_y": 12.4206,
    "size_z": 15.491
}