{
    "center_x": 60.84746666666667,
    "center_y": 11.766330555555557,
    "center_z": 45.61419722222222,
    "size_x": 17.974200000000003,
    "size_y": 19.1583,
    "size_z": 19.522600000000004
}