{
    "center_x": 55.23405555555555,
    "center_y": -67.96777777777778,
    "center_z": -3.2077722222222222,
    "size_x": 16.547700000000006,
    "size_y": 12.776300000000006,
    "size_z": 20.4878
}