{
    "center_x": 11.231536666666669,
    "center_y": 22.417010000000005,
    "center_z": 34.24041666666667,
    "size_x": 23.177500000000002,
    "size_y": 20.936600000000002,
    "size_z": 15.195300000000003
}