{
    "center_x": -5.11285,
    "center_y": 8.380445454545454,
    "center_z": 13.961940909090908,
    "size_x": 16.4286,
    "size_y": 17.9147,
    "size_z": 16.035400000000003
}