{
    "center_x": -40.172200000000004,
    "center_y": 10.237458064516131,
    "center_z": -1.3120483870967752,
    "size_x": 14.8459,
    "size_y": 18.1704,
    "size_z": 24.4625
}