{
    "center_x": 29.427977272727276,
    "center_y": 16.319613636363638,
    "center_z": -1.5556590909090908,
    "size_x": 17.584500000000002,
    "size_y": 14.370999999999999,
    "size_z": 17.6315
}