{
    "center_x": -8.022687499999998,
    "center_y": 2.9953593749999996,
    "center_z": 4.688600000000002,
    "size_x": 23.375,
    "size_y": 18.2145,
    "size_z": 19.6809
}