{
    "center_x": 54.032933333333325,
    "center_y": 20.879508333333337,
    "center_z": 14.196083333333332,
    "size_x": 13.023599999999995,
    "size_y": 16.565,
    "size_z": 16.104799999999997
}