{
    "center_x": 16.913728000000003,
    "center_y": 40.420828,
    "center_z": -22.599968000000004,
    "size_x": 16.350900000000003,
    "size_y": 15.5505,
    "size_z": 17.9731
}