{
    "center_x": 36.157676470588235,
    "center_y": 16.497176470588233,
    "center_z": 31.03107058823529,
    "size_x": 20.811300000000003,
    "size_y": 13.2025,
    "size_z": 14.580300000000001
}