{
    "center_x": 30.994481249999996,
    "center_y": 53.6832,
    "center_z": 19.46665,
    "size_x": 18.178900000000002,
    "size_y": 15.262699999999995,
    "size_z": 16.479400000000002
}