{
    "center_x": 45.231399999999994,
    "center_y": 51.55038421052632,
    "center_z": 42.02688421052632,
    "size_x": 18.797900000000006,
    "size_y": 14.735099999999996,
    "size_z": 14.126399999999997
}