{
    "center_x": 30.955182758620683,
    "center_y": 10.653317241379309,
    "center_z": -25.907679310344825,
    "size_x": 19.5067,
    "size_y": 20.8056,
    "size_z": 17.8829
}