{
    "center_x": 23.502696774193545,
    "center_y": 16.282351612903224,
    "center_z": 33.384796774193546,
    "size_x": 22.5972,
    "size_y": 20.192500000000003,
    "size_z": 20.087999999999997
}