{
    "center_x": 14.56276956521739,
    "center_y": 4.546913043478261,
    "center_z": 0.05248260869565214,
    "size_x": 17.3913,
    "size_y": 19.359,
    "size_z": 15.123
}