{
    "center_x": 24.0932125,
    "center_y": 11.90495,
    "center_z": 21.954350000000005,
    "size_x": 13.269100000000002,
    "size_y": 12.031400000000001,
    "size_z": 14.0443
}