{
    "center_x": 5.235296296296296,
    "center_y": -19.883888888888887,
    "center_z": -27.78091851851852,
    "size_x": 16.7038,
    "size_y": 20.39,
    "size_z": 20.9868
}