{
    "center_x": 14.910179999999995,
    "center_y": 23.44772,
    "center_z": -16.795992,
    "size_x": 15.5078,
    "size_y": 18.5168,
    "size_z": 19.933
}