{
    "center_x": -2.857783333333333,
    "center_y": 8.98435,
    "center_z": 19.450155555555554,
    "size_x": 14.4869,
    "size_y": 27.7339,
    "size_z": 15.3838
}