{
    "center_x": 33.8318638888889,
    "center_y": 17.18019722222222,
    "center_z": 17.848574999999997,
    "size_x": 18.4216,
    "size_y": 22.4394,
    "size_z": 21.0225
}