{
    "center_x": 34.68472631578948,
    "center_y": 39.019436842105264,
    "center_z": 32.21874736842106,
    "size_x": 14.818400000000004,
    "size_y": 17.931800000000003,
    "size_z": 15.933300000000003
}