{
    "center_x": 22.868150000000007,
    "center_y": -34.42133250000001,
    "center_z": -4.6876750000000005,
    "size_x": 19.7257,
    "size_y": 18.459699999999998,
    "size_z": 19.3814
}