{
    "center_x": 7.481066666666666,
    "center_y": -2.2437666666666667,
    "center_z": 21.90419047619047,
    "size_x": 17.8442,
    "size_y": 16.247999999999998,
    "size_z": 17.7025
}