{
    "center_x": 1.6709499999999997,
    "center_y": -20.39485,
    "center_z": -18.816414285714284,
    "size_x": 15.283100000000001,
    "size_y": 12.616800000000001,
    "size_z": 18.2184
}