{
    "center_x": 10.026859259259261,
    "center_y": -22.063040740740743,
    "center_z": 46.54752592592591,
    "size_x": 14.7807,
    "size_y": 18.3764,
    "size_z": 18.206599999999995
}