{
    "center_x": -19.317962962962966,
    "center_y": -7.957203703703704,
    "center_z": 13.669585185185186,
    "size_x": 18.132199999999997,
    "size_y": 20.2145,
    "size_z": 16.941200000000002
}