{
    "center_x": -30.732709999999997,
    "center_y": 10.745425000000001,
    "center_z": 69.76848000000001,
    "size_x": 14.301000000000002,
    "size_y": 18.9229,
    "size_z": 16.2389
}