{
    "center_x": -43.79409642857143,
    "center_y": 11.999653571428569,
    "center_z": 3.6536750000000002,
    "size_x": 20.5959,
    "size_y": 15.926499999999999,
    "size_z": 18.1876
}