{
    "center_x": 29.712306818181812,
    "center_y": -5.8945409090909076,
    "center_z": -35.779886363636365,
    "size_x": 26.594099999999997,
    "size_y": 19.797800000000002,
    "size_z": 21.5359
}