{
    "center_x": 34.61300425531915,
    "center_y": 44.43535744680851,
    "center_z": 32.78531276595746,
    "size_x": 27.137300000000003,
    "size_y": 18.7603,
    "size_z": 19.1536
}