{
    "center_x": 43.51998,
    "center_y": -1.242752,
    "center_z": 31.402368000000003,
    "size_x": 13.117599999999996,
    "size_y": 18.5104,
    "size_z": 22.5224
}