{
    "center_x": 16.999100000000002,
    "center_y": 16.74398,
    "center_z": 20.147915000000005,
    "size_x": 15.333799999999998,
    "size_y": 13.790299999999998,
    "size_z": 19.3851
}