{
    "center_x": -22.041375675675674,
    "center_y": -9.092048648648648,
    "center_z": 13.199916216216213,
    "size_x": 18.9287,
    "size_y": 21.8823,
    "size_z": 18.805999999999997
}