{
    "center_x": 59.654857692307694,
    "center_y": 28.92828076923077,
    "center_z": 26.87600769230769,
    "size_x": 16.9364,
    "size_y": 19.7902,
    "size_z": 17.2017
}