{
    "center_x": -23.05325,
    "center_y": 42.87885,
    "center_z": -5.026814285714286,
    "size_x": 14.312899999999999,
    "size_y": 15.2793,
    "size_z": 15.1624
}