{
    "center_x": 9.92251935483871,
    "center_y": 6.314367741935484,
    "center_z": 39.00888387096775,
    "size_x": 16.8048,
    "size_y": 15.5112,
    "size_z": 22.8786
}