{
    "center_x": 14.965688888888893,
    "center_y": 5.0230500000000005,
    "center_z": 0.8340833333333333,
    "size_x": 14.278900000000002,
    "size_y": 19.7418,
    "size_z": 13.3512
}