{
    "center_x": 1.7998153846153846,
    "center_y": 4.1650230769230765,
    "center_z": 10.688561538461537,
    "size_x": 14.351600000000001,
    "size_y": 12.0254,
    "size_z": 16.738599999999998
}