{
    "center_x": 19.007046428571424,
    "center_y": 34.589439285714285,
    "center_z": 55.71689285714286,
    "size_x": 22.097699999999996,
    "size_y": 14.361899999999999,
    "size_z": 16.827200000000005
}