{
    "center_x": 14.692079166666668,
    "center_y": 4.9178,
    "center_z": 0.11055416666666655,
    "size_x": 17.495800000000003,
    "size_y": 19.7673,
    "size_z": 14.7848
}