{
    "center_x": -8.602917073170731,
    "center_y": -38.84987804878049,
    "center_z": -7.156090243902436,
    "size_x": 23.9587,
    "size_y": 23.0242,
    "size_z": 20.5566
}