{
    "center_x": 79.53527333333334,
    "center_y": 6.565073333333332,
    "center_z": 29.267393333333334,
    "size_x": 13.767899999999997,
    "size_y": 14.5653,
    "size_z": 17.4071
}