{
    "center_x": 24.99437407407407,
    "center_y": 27.70767777777778,
    "center_z": 27.409766666666663,
    "size_x": 19.880399999999998,
    "size_y": 20.8992,
    "size_z": 15.8005
}