{
    "center_x": 182.64874193548386,
    "center_y": 123.65196774193548,
    "center_z": 30.515900000000002,
    "size_x": 16.3699,
    "size_y": 23.903000000000006,
    "size_z": 15.014899999999997
}