{
    "center_x": 14.00341052631579,
    "center_y": 9.92703157894737,
    "center_z": -17.26125789473684,
    "size_x": 16.865000000000002,
    "size_y": 16.4727,
    "size_z": 13.4119
}