{
    "center_x": 45.6201625,
    "center_y": 39.37525833333333,
    "center_z": 75.36743333333335,
    "size_x": 17.2119,
    "size_y": 16.807299999999998,
    "size_z": 19.545100000000005
}