{
    "center_x": -25.799825,
    "center_y": 4.354041666666666,
    "center_z": -32.087166666666675,
    "size_x": 20.2782,
    "size_y": 15.115,
    "size_z": 17.2976
}