{
    "center_x": 38.622289285714295,
    "center_y": 34.73133928571429,
    "center_z": 19.130296428571427,
    "size_x": 20.5011,
    "size_y": 14.865299999999998,
    "size_z": 17.940599999999996
}