{
    "center_x": 7.5721285714285695,
    "center_y": 8.771710714285714,
    "center_z": 22.658099999999997,
    "size_x": 17.6226,
    "size_y": 15.2633,
    "size_z": 21.9144
}