{
    "center_x": 16.62454705882353,
    "center_y": -9.025023529411767,
    "center_z": 22.817417647058818,
    "size_x": 17.9322,
    "size_y": 14.6273,
    "size_z": 17.5589
}