{
    "center_x": 16.829553333333333,
    "center_y": 16.943886666666668,
    "center_z": 25.965266666666665,
    "size_x": 18.3521,
    "size_y": 17.791800000000002,
    "size_z": 18.8779
}