{
    "center_x": -0.6436000000000001,
    "center_y": -4.724192592592591,
    "center_z": -11.58951111111111,
    "size_x": 19.8077,
    "size_y": 16.0135,
    "size_z": 19.267100000000003
}