{
    "center_x": 50.72823333333334,
    "center_y": 18.618826666666667,
    "center_z": 75.18876,
    "size_x": 16.742399999999996,
    "size_y": 14.346300000000003,
    "size_z": 15.2624
}