{
    "center_x": -22.00160392156863,
    "center_y": -18.588162745098042,
    "center_z": -9.883376470588235,
    "size_x": 26.760799999999996,
    "size_y": 22.089199999999998,
    "size_z": 18.743299999999998
}