{
    "center_x": 45.721266666666665,
    "center_y": -10.355069047619049,
    "center_z": 109.92451904761906,
    "size_x": 17.364199999999997,
    "size_y": 25.4512,
    "size_z": 24.826899999999995
}