{
    "center_x": 7.242993750000001,
    "center_y": 6.810706249999998,
    "center_z": 22.84448750000001,
    "size_x": 19.5742,
    "size_y": 18.959699999999998,
    "size_z": 20.255599999999998
}