{
    "center_x": 10.88011111111111,
    "center_y": 36.342094444444434,
    "center_z": 24.08489444444444,
    "size_x": 14.745700000000001,
    "size_y": 18.6847,
    "size_z": 20.4715
}