{
    "center_x": -1.477106060606061,
    "center_y": 8.145048484848484,
    "center_z": 14.29843939393939,
    "size_x": 20.564500000000002,
    "size_y": 24.781100000000002,
    "size_z": 17.4929
}