{
    "center_x": 38.38200476190476,
    "center_y": 13.092540476190473,
    "center_z": 10.111421428571427,
    "size_x": 20.4666,
    "size_y": 25.5212,
    "size_z": 18.4972
}