{
    "center_x": 26.32411818181819,
    "center_y": -6.6264,
    "center_z": -34.9537,
    "size_x": 20.423599999999997,
    "size_y": 16.679100000000002,
    "size_z": 21.2047
}