{
    "center_x": -7.7428799999999995,
    "center_y": 3.74459,
    "center_z": -12.8135,
    "size_x": 17.648699999999998,
    "size_y": 15.7033,
    "size_z": 14.5929
}