{
    "center_x": 14.80137857142857,
    "center_y": 6.313017857142859,
    "center_z": 0.6364571428571425,
    "size_x": 16.026400000000002,
    "size_y": 23.480800000000002,
    "size_z": 14.7768
}