{
    "center_x": 121.87049166666667,
    "center_y": 61.871416666666654,
    "center_z": 100.6965,
    "size_x": 15.990700000000004,
    "size_y": 12.920000000000002,
    "size_z": 14.671399999999991
}