{
    "center_x": 2.8907000000000003,
    "center_y": 67.4328888888889,
    "center_z": 63.156305555555555,
    "size_x": 15.2284,
    "size_y": 15.923499999999997,
    "size_z": 16.0306
}