{
    "center_x": 5.874916129032257,
    "center_y": 37.959419354838715,
    "center_z": 57.632167741935476,
    "size_x": 22.2729,
    "size_y": 19.513900000000007,
    "size_z": 20.2654
}