{
    "center_x": 4.284312903225807,
    "center_y": -10.477141935483873,
    "center_z": 89.16142580645162,
    "size_x": 19.5225,
    "size_y": 16.581500000000002,
    "size_z": 19.603899999999996
}