{
    "center_x": 26.191500000000005,
    "center_y": 10.058332352941177,
    "center_z": 10.038005882352943,
    "size_x": 15.6996,
    "size_y": 23.2781,
    "size_z": 20.9192
}