{
    "center_x": 22.793063636363634,
    "center_y": 15.791990909090906,
    "center_z": 32.442513636363635,
    "size_x": 20.3241,
    "size_y": 19.383,
    "size_z": 15.660499999999999
}