{
    "center_x": 0.8519931034482761,
    "center_y": -10.316889655172414,
    "center_z": 35.682265517241376,
    "size_x": 16.8082,
    "size_y": 17.602899999999998,
    "size_z": 23.480999999999998
}