{
    "center_x": 57.39904375,
    "center_y": -12.32773125,
    "center_z": -26.564262499999998,
    "size_x": 17.101300000000002,
    "size_y": 14.153599999999999,
    "size_z": 17.1642
}