{
    "center_x": 23.468317647058825,
    "center_y": 52.55378823529412,
    "center_z": 20.60675882352941,
    "size_x": 15.1539,
    "size_y": 18.5246,
    "size_z": 18.6754
}