{
    "center_x": -32.3633,
    "center_y": -10.63741111111111,
    "center_z": -25.090088888888886,
    "size_x": 18.623100000000004,
    "size_y": 21.2454,
    "size_z": 16.3167
}