{
    "center_x": -0.9379166666666667,
    "center_y": 13.188683333333335,
    "center_z": -8.941374999999999,
    "size_x": 14.4211,
    "size_y": 14.1599,
    "size_z": 14.397099999999998
}