{
    "center_x": -24.278242857142857,
    "center_y": 8.436728571428569,
    "center_z": 16.12709642857143,
    "size_x": 18.392599999999998,
    "size_y": 18.3585,
    "size_z": 20.4324
}