{
    "center_x": 3.5233411764705886,
    "center_y": 1.6451294117647057,
    "center_z": 19.790811764705882,
    "size_x": 13.0793,
    "size_y": 17.168599999999998,
    "size_z": 17.3489
}