{
    "center_x": -27.07081428571428,
    "center_y": 3.3065714285714285,
    "center_z": -14.478525714285716,
    "size_x": 14.867,
    "size_y": 25.0532,
    "size_z": 18.959200000000003
}