{
    "center_x": 36.253076666666665,
    "center_y": 14.306770000000002,
    "center_z": -2.654313333333334,
    "size_x": 22.378000000000004,
    "size_y": 17.3039,
    "size_z": 18.5036
}