{
    "center_x": 5.066491999999999,
    "center_y": 18.237796000000007,
    "center_z": 37.371732,
    "size_x": 17.6012,
    "size_y": 21.0823,
    "size_z": 18.6732
}