{
    "center_x": 12.197005405405406,
    "center_y": 26.31387567567568,
    "center_z": 42.47400270270271,
    "size_x": 17.7445,
    "size_y": 19.4269,
    "size_z": 23.3947
}