{
    "center_x": 20.71413043478261,
    "center_y": 13.295717391304349,
    "center_z": 9.170504347826087,
    "size_x": 15.0897,
    "size_y": 16.0738,
    "size_z": 19.765
}