{
    "center_x": 14.691785185185184,
    "center_y": -3.874237037037037,
    "center_z": -8.628114814814815,
    "size_x": 17.314500000000002,
    "size_y": 20.5368,
    "size_z": 17.1414
}