{
    "center_x": 12.610028571428574,
    "center_y": 21.236535714285715,
    "center_z": 21.347764285714284,
    "size_x": 13.224,
    "size_y": 14.469899999999999,
    "size_z": 17.4385
}