{
    "center_x": -22.41554333333333,
    "center_y": 0.48246666666666665,
    "center_z": -2.5159466666666668,
    "size_x": 23.636,
    "size_y": 20.726,
    "size_z": 15.806999999999999
}