{
    "center_x": 33.23708181818183,
    "center_y": -26.645654545454544,
    "center_z": -8.589281818181819,
    "size_x": 10.740000000000002,
    "size_y": 16.0753,
    "size_z": 15.0217
}