{
    "center_x": 6.02295,
    "center_y": -24.925649999999997,
    "center_z": 68.34373181818181,
    "size_x": 17.4135,
    "size_y": 14.462,
    "size_z": 19.988499999999995
}