{
    "center_x": -4.2731375,
    "center_y": 3.865825,
    "center_z": 15.261781249999999,
    "size_x": 15.828199999999999,
    "size_y": 18.8213,
    "size_z": 15.345300000000002
}