{
    "center_x": 38.21921363636364,
    "center_y": -1.8749045454545448,
    "center_z": 13.376713636363638,
    "size_x": 19.387600000000006,
    "size_y": 16.8069,
    "size_z": 14.321
}