{
    "center_x": 19.14600769230769,
    "center_y": -17.103830769230772,
    "center_z": -0.3169500000000003,
    "size_x": 15.5047,
    "size_y": 21.112499999999997,
    "size_z": 21.2649
}