{
    "center_x": 7.519114285714285,
    "center_y": -5.036842857142859,
    "center_z": 29.718214285714286,
    "size_x": 19.4273,
    "size_y": 15.931899999999999,
    "size_z": 16.311300000000003
}