{
    "center_x": 26.369985714285715,
    "center_y": 33.284571428571425,
    "center_z": -6.384099999999999,
    "size_x": 13.875700000000002,
    "size_y": 13.976599999999998,
    "size_z": 13.639199999999999
}