{
    "center_x": -98.12889523809525,
    "center_y": -60.46372857142857,
    "center_z": -57.433895238095225,
    "size_x": 20.5779,
    "size_y": 13.361399999999996,
    "size_z": 15.433800000000005
}