{
    "center_x": 34.746190909090906,
    "center_y": -33.3317,
    "center_z": -36.789168181818184,
    "size_x": 19.3857,
    "size_y": 15.604499999999998,
    "size_z": 17.026599999999995
}