{
    "center_x": 32.184462499999995,
    "center_y": 108.664496875,
    "center_z": 58.27179687500001,
    "size_x": 21.652099999999997,
    "size_y": 16.186499999999995,
    "size_z": 22.933000000000007
}