{
    "center_x": 21.873665217391306,
    "center_y": 54.746891304347834,
    "center_z": 98.0414086956522,
    "size_x": 18.9259,
    "size_y": 14.589600000000004,
    "size_z": 20.30420000000001
}