{
    "center_x": -34.469175,
    "center_y": -54.975224999999995,
    "center_z": 33.183893749999996,
    "size_x": 15.048299999999998,
    "size_y": 18.5663,
    "size_z": 12.5578
}