{
    "center_x": 21.72601944444445,
    "center_y": 0.2051333333333334,
    "center_z": 6.033272222222222,
    "size_x": 24.7622,
    "size_y": 18.9085,
    "size_z": 17.0503
}