{
    "center_x": -2.2468888888888885,
    "center_y": -9.187666666666667,
    "center_z": 6.293644444444444,
    "size_x": 13.0998,
    "size_y": 15.5651,
    "size_z": 11.863900000000001
}