{
    "center_x": 16.80523076923077,
    "center_y": 16.960638461538466,
    "center_z": 21.590230769230768,
    "size_x": 14.2337,
    "size_y": 12.4553,
    "size_z": 15.4023
}