{
    "center_x": 87.39311666666669,
    "center_y": 85.05627666666668,
    "center_z": 42.896209999999996,
    "size_x": 19.794600000000003,
    "size_y": 17.805899999999994,
    "size_z": 17.950199999999995
}