{
    "center_x": -8.11859523809524,
    "center_y": 14.91657142857143,
    "center_z": 20.119257142857144,
    "size_x": 17.7284,
    "size_y": 16.7787,
    "size_z": 14.789200000000001
}