{
    "center_x": 2.621469444444444,
    "center_y": 63.70526666666668,
    "center_z": 68.84286666666667,
    "size_x": 16.7122,
    "size_y": 21.868699999999997,
    "size_z": 24.7372
}