{
    "center_x": -9.139113043478261,
    "center_y": 51.084973913043484,
    "center_z": 123.36660434782611,
    "size_x": 18.2308,
    "size_y": 18.2566,
    "size_z": 17.439999999999998
}