{
    "center_x": 6.307176470588236,
    "center_y": 3.8691117647058824,
    "center_z": 8.8414,
    "size_x": 23.5813,
    "size_y": 18.512,
    "size_z": 18.8673
}