{
    "center_x": 21.14001111111111,
    "center_y": 9.869722222222222,
    "center_z": 0.4033333333333334,
    "size_x": 14.139200000000002,
    "size_y": 18.7092,
    "size_z": 15.3387
}