{
    "center_x": 11.901634210526314,
    "center_y": 48.60140526315791,
    "center_z": 61.19116315789475,
    "size_x": 22.0896,
    "size_y": 16.9833,
    "size_z": 21.2491
}