{
    "center_x": -9.808081249999999,
    "center_y": -23.419512499999996,
    "center_z": -31.496775,
    "size_x": 16.729100000000003,
    "size_y": 17.051299999999998,
    "size_z": 13.649000000000001
}