{
    "center_x": 73.53429545454547,
    "center_y": 45.00683636363637,
    "center_z": 50.21791363636364,
    "size_x": 15.1772,
    "size_y": 22.5156,
    "size_z": 13.875
}