{
    "center_x": -52.92601,
    "center_y": -32.51218000000001,
    "center_z": 31.288125,
    "size_x": 14.939599999999999,
    "size_y": 18.777100000000004,
    "size_z": 13.9819
}