{
    "center_x": 26.44962333333334,
    "center_y": 50.79590333333333,
    "center_z": -2.19306,
    "size_x": 19.2936,
    "size_y": 17.3919,
    "size_z": 18.578699999999998
}