{
    "center_x": 50.28327352941175,
    "center_y": 33.33038235294118,
    "center_z": 40.78826470588236,
    "size_x": 17.7866,
    "size_y": 22.275199999999998,
    "size_z": 17.9413
}