{
    "center_x": -10.01222105263158,
    "center_y": -16.752302631578942,
    "center_z": 28.990473684210524,
    "size_x": 15.6984,
    "size_y": 25.800900000000002,
    "size_z": 21.8673
}