{
    "center_x": 2.039830769230769,
    "center_y": 47.91602307692308,
    "center_z": 43.21374615384615,
    "size_x": 16.5138,
    "size_y": 14.507600000000004,
    "size_z": 12.103099999999998
}