{
    "center_x": -24.077864705882355,
    "center_y": 1.0183323529411765,
    "center_z": -1.6558794117647064,
    "size_x": 16.7527,
    "size_y": 21.7502,
    "size_z": 21.8355
}