{
    "center_x": 14.457875,
    "center_y": -2.0422916666666673,
    "center_z": 3.682708333333333,
    "size_x": 17.397000000000002,
    "size_y": 20.598,
    "size_z": 14.553
}