{
    "center_x": 32.59524444444444,
    "center_y": 16.773544444444443,
    "center_z": 15.889000000000001,
    "size_x": 16.906500000000005,
    "size_y": 13.5323,
    "size_z": 13.0138
}