{
    "center_x": 2.630457142857143,
    "center_y": -0.9058171428571425,
    "center_z": 21.32610571428571,
    "size_x": 17.4296,
    "size_y": 20.0,
    "size_z": 21.0507
}