{
    "center_x": 30.358549999999997,
    "center_y": 66.36149285714286,
    "center_z": 8.572707142857142,
    "size_x": 16.101599999999998,
    "size_y": 12.814899999999994,
    "size_z": 15.124500000000001
}