{
    "center_x": 36.81755714285714,
    "center_y": 58.22770714285715,
    "center_z": 77.74767857142857,
    "size_x": 13.763100000000001,
    "size_y": 13.808599999999998,
    "size_z": 17.074299999999994
}