{
    "center_x": -2.897624,
    "center_y": 0.7156640000000002,
    "center_z": 20.477736,
    "size_x": 17.4924,
    "size_y": 17.708,
    "size_z": 19.1599
}