{
    "center_x": 30.217792307692307,
    "center_y": 0.6346769230769228,
    "center_z": 11.626503846153845,
    "size_x": 16.947,
    "size_y": 16.822699999999998,
    "size_z": 21.9723
}