{
    "center_x": 21.59253214285714,
    "center_y": 35.55213214285714,
    "center_z": 5.359482142857142,
    "size_x": 20.6164,
    "size_y": 19.763299999999997,
    "size_z": 16.6769
}