{
    "center_x": 1.7499,
    "center_y": 3.49783409090909,
    "center_z": 15.16751363636364,
    "size_x": 20.3985,
    "size_y": 20.320700000000002,
    "size_z": 18.4617
}