{
    "center_x": -34.43492,
    "center_y": 11.02782,
    "center_z": -11.843185000000002,
    "size_x": 15.7926,
    "size_y": 18.470100000000002,
    "size_z": 14.4595
}