{
    "center_x": 3.866263636363637,
    "center_y": 30.34058181818182,
    "center_z": -7.191440909090909,
    "size_x": 16.966900000000003,
    "size_y": 14.534999999999997,
    "size_z": 19.5751
}