{
    "center_x": -4.285892857142857,
    "center_y": -29.9166,
    "center_z": 6.353335714285714,
    "size_x": 17.2267,
    "size_y": 13.896400000000003,
    "size_z": 15.003900000000002
}