{
    "center_x": 19.667703030303027,
    "center_y": -39.34729696969696,
    "center_z": 10.14942727272727,
    "size_x": 17.6301,
    "size_y": 20.7641,
    "size_z": 21.569399999999998
}