{
    "center_x": 9.846005555555555,
    "center_y": 63.86230555555556,
    "center_z": 3.6714666666666664,
    "size_x": 21.6751,
    "size_y": 24.861999999999995,
    "size_z": 16.7261
}