{
    "center_x": 69.93707500000001,
    "center_y": -0.1272583333333333,
    "center_z": -1.9186541666666665,
    "size_x": 16.299800000000005,
    "size_y": 16.8074,
    "size_z": 22.5477
}