{
    "center_x": -0.6022439024390244,
    "center_y": 31.542504878048785,
    "center_z": 6.703329268292683,
    "size_x": 19.517699999999998,
    "size_y": 24.5961,
    "size_z": 15.5183
}