{
    "center_x": -2.8779649999999997,
    "center_y": -5.2257750000000005,
    "center_z": -5.155815,
    "size_x": 16.627299999999998,
    "size_y": 16.7878,
    "size_z": 18.3084
}