{
    "center_x": -24.095526315789478,
    "center_y": 10.221005263157892,
    "center_z": 16.330052631578944,
    "size_x": 17.762,
    "size_y": 21.6542,
    "size_z": 22.0811
}