{
    "center_x": -19.148050000000005,
    "center_y": -29.40566,
    "center_z": -5.71909,
    "size_x": 13.654399999999999,
    "size_y": 14.0196,
    "size_z": 13.816199999999998
}