{
    "center_x": 9.224627777777776,
    "center_y": 6.127822222222223,
    "center_z": -17.00711666666667,
    "size_x": 14.0338,
    "size_y": 13.4255,
    "size_z": 20.448999999999998
}