{
    "center_x": -22.41244,
    "center_y": 29.607292,
    "center_z": -5.663812,
    "size_x": 15.8479,
    "size_y": 15.3353,
    "size_z": 17.3569
}