{
    "center_x": 8.8093,
    "center_y": 9.028333333333332,
    "center_z": 3.2731444444444446,
    "size_x": 21.8298,
    "size_y": 12.7715,
    "size_z": 13.3701
}