{
    "center_x": -0.04315454545454555,
    "center_y": 13.638599999999999,
    "center_z": 11.236099999999999,
    "size_x": 15.3735,
    "size_y": 10.9624,
    "size_z": 15.1958
}