{
    "center_x": 16.859139999999996,
    "center_y": -12.43462666666667,
    "center_z": 21.721773333333328,
    "size_x": 21.4613,
    "size_y": 14.6929,
    "size_z": 20.1344
}