{
    "center_x": -12.908465714285713,
    "center_y": -20.110682857142855,
    "center_z": 27.90474857142857,
    "size_x": 19.0423,
    "size_y": 26.4848,
    "size_z": 14.6324
}