{
    "center_x": 60.736031578947355,
    "center_y": 21.323963157894738,
    "center_z": 115.62194210526317,
    "size_x": 12.156300000000002,
    "size_y": 19.661,
    "size_z": 16.4187
}