{
    "center_x": 1.9400863636363637,
    "center_y": 7.195781818181818,
    "center_z": 26.69988636363636,
    "size_x": 18.3418,
    "size_y": 17.781100000000002,
    "size_z": 14.899899999999999
}