{
    "center_x": 4.708514285714286,
    "center_y": 13.5146,
    "center_z": 14.141750000000002,
    "size_x": 15.9976,
    "size_y": 16.9914,
    "size_z": 14.3462
}