{
    "center_x": 7.958190322580645,
    "center_y": -20.96588387096774,
    "center_z": -22.004074193548387,
    "size_x": 23.183500000000002,
    "size_y": 17.8058,
    "size_z": 17.145599999999998
}