{
    "center_x": 12.638891891891891,
    "center_y": 46.889943243243245,
    "center_z": 13.544056756756754,
    "size_x": 24.3476,
    "size_y": 16.549999999999997,
    "size_z": 19.434800000000003
}