{
    "center_x": 0.7043700000000002,
    "center_y": 6.223935000000001,
    "center_z": -12.839759999999998,
    "size_x": 15.7311,
    "size_y": 15.1753,
    "size_z": 16.8054
}