{
    "center_x": 9.301092592592594,
    "center_y": 10.368148148148148,
    "center_z": 2.5617111111111113,
    "size_x": 21.4431,
    "size_y": 17.3268,
    "size_z": 16.826999999999998
}