{
    "center_x": 59.23076000000001,
    "center_y": 8.609786666666666,
    "center_z": 115.68182666666667,
    "size_x": 13.139299999999999,
    "size_y": 16.1012,
    "size_z": 16.7868
}