{
    "center_x": 37.4226705882353,
    "center_y": 41.5093705882353,
    "center_z": -3.0378705882352937,
    "size_x": 14.733800000000002,
    "size_y": 16.238800000000005,
    "size_z": 17.4685
}