{
    "center_x": -55.56455454545455,
    "center_y": 47.76140909090909,
    "center_z": -18.139236363636364,
    "size_x": 15.708100000000002,
    "size_y": 13.793299999999995,
    "size_z": 15.721099999999998
}