{
    "center_x": 60.6393894736842,
    "center_y": 8.484331578947367,
    "center_z": 8.323147368421052,
    "size_x": 17.3234,
    "size_y": 15.817800000000002,
    "size_z": 16.0429
}