{
    "center_x": 127.91207894736844,
    "center_y": 76.77047368421053,
    "center_z": 0.6025631578947369,
    "size_x": 15.24690000000001,
    "size_y": 15.80980000000001,
    "size_z": 18.3274
}