{
    "center_x": -2.4897999999999993,
    "center_y": 11.670627586206898,
    "center_z": -0.7552137931034484,
    "size_x": 18.9705,
    "size_y": 17.6215,
    "size_z": 15.8756
}