{
    "center_x": -13.021912,
    "center_y": 13.146504,
    "center_z": -25.013072000000008,
    "size_x": 18.3415,
    "size_y": 21.0201,
    "size_z": 15.025200000000002
}