{
    "center_x": 5.679139999999999,
    "center_y": -0.487315,
    "center_z": 1.23553,
    "size_x": 13.9747,
    "size_y": 16.1144,
    "size_z": 20.2434
}