{
    "center_x": 69.26779375,
    "center_y": 45.36016875000001,
    "center_z": 25.404525,
    "size_x": 19.767899999999997,
    "size_y": 23.180999999999997,
    "size_z": 17.564700000000002
}