{
    "center_x": 5.025925925925926,
    "center_y": -9.373777777777777,
    "center_z": 35.580692592592584,
    "size_x": 21.9664,
    "size_y": 14.6324,
    "size_z": 19.652800000000003
}