{
    "center_x": 22.7196,
    "center_y": -0.9656300000000002,
    "center_z": 70.91402999999998,
    "size_x": 13.529800000000002,
    "size_y": 14.329699999999999,
    "size_z": 12.241900000000001
}