{
    "center_x": 36.777333333333324,
    "center_y": 6.045833333333333,
    "center_z": 19.11880952380952,
    "size_x": 15.513300000000001,
    "size_y": 18.1291,
    "size_z": 17.4958
}