{
    "center_x": 18.083904000000004,
    "center_y": 52.342724,
    "center_z": 37.881547999999995,
    "size_x": 20.5259,
    "size_y": 17.472299999999997,
    "size_z": 18.8763
}