{
    "center_x": 3.2988399999999998,
    "center_y": 109.5761,
    "center_z": 10.168479999999999,
    "size_x": 12.6781,
    "size_y": 13.893,
    "size_z": 14.192300000000001
}