{
    "center_x": 69.3612888888889,
    "center_y": 38.19178518518519,
    "center_z": 1.4168888888888886,
    "size_x": 18.341300000000004,
    "size_y": 19.100099999999998,
    "size_z": 18.8523
}