{
    "center_x": -13.982468571428575,
    "center_y": 31.734988571428573,
    "center_z": -13.971122857142857,
    "size_x": 19.2194,
    "size_y": 19.2767,
    "size_z": 19.5104
}