{
    "center_x": 53.619370833333335,
    "center_y": 78.41836666666667,
    "center_z": 8.042108333333333,
    "size_x": 18.5235,
    "size_y": 21.305499999999995,
    "size_z": 16.0048
}