{
    "center_x": 26.822831818181808,
    "center_y": -2.6421590909090913,
    "center_z": 0.5255681818181818,
    "size_x": 16.952299999999997,
    "size_y": 18.7235,
    "size_z": 13.5418
}