{
    "center_x": -40.74946363636363,
    "center_y": -4.6295636363636365,
    "center_z": 13.862304545454544,
    "size_x": 15.011499999999998,
    "size_y": 20.772100000000002,
    "size_z": 18.6768
}