{
    "center_x": -5.092779999999999,
    "center_y": -5.657852,
    "center_z": 19.982388000000004,
    "size_x": 15.454,
    "size_y": 18.731099999999998,
    "size_z": 18.877799999999997
}