{
    "center_x": -29.586693103448283,
    "center_y": -1.634044827586207,
    "center_z": -10.09234827586207,
    "size_x": 21.081899999999997,
    "size_y": 19.4926,
    "size_z": 16.314500000000002
}