{
    "center_x": 17.808471428571433,
    "center_y": -6.140290476190475,
    "center_z": -23.955095238095236,
    "size_x": 20.137999999999998,
    "size_y": 14.1527,
    "size_z": 14.967399999999998
}