{
    "center_x": -7.817345454545455,
    "center_y": -10.760999999999997,
    "center_z": 9.782095454545452,
    "size_x": 17.1383,
    "size_y": 15.4185,
    "size_z": 17.206699999999998
}