{
    "center_x": 196.25561346153847,
    "center_y": 0.0687019230769228,
    "center_z": 95.31799038461541,
    "size_x": 24.247900000000016,
    "size_y": 26.8205,
    "size_z": 21.79639999999999
}