{
    "center_x": 12.972465,
    "center_y": 136.79032999999998,
    "center_z": 45.84614999999999,
    "size_x": 18.7076,
    "size_y": 14.85159999999999,
    "size_z": 13.4895
}