{
    "center_x": 9.543443749999998,
    "center_y": 20.35578125,
    "center_z": 50.362137499999996,
    "size_x": 13.0837,
    "size_y": 17.6714,
    "size_z": 16.3027
}