{
    "center_x": 11.600218181818182,
    "center_y": -12.97666590909091,
    "center_z": -8.419059090909093,
    "size_x": 21.8452,
    "size_y": 19.2457,
    "size_z": 24.0439
}