{
    "center_x": 33.22310333333333,
    "center_y": 113.96678333333334,
    "center_z": 95.17566666666669,
    "size_x": 23.919499999999996,
    "size_y": 15.4957,
    "size_z": 17.31559999999999
}