{
    "center_x": 14.935442857142856,
    "center_y": 73.4385,
    "center_z": 33.90237142857143,
    "size_x": 18.023699999999998,
    "size_y": 18.306799999999996,
    "size_z": 14.869200000000003
}