{
    "center_x": 124.72455000000004,
    "center_y": 105.26108,
    "center_z": -45.762319999999995,
    "size_x": 16.529600000000002,
    "size_y": 23.998099999999994,
    "size_z": 20.473599999999998
}