{
    "center_x": -5.8496,
    "center_y": -11.41102962962963,
    "center_z": 7.729625925925926,
    "size_x": 22.362000000000002,
    "size_y": 16.4696,
    "size_z": 17.9828
}