{
    "center_x": -3.253246666666667,
    "center_y": -0.9119488888888885,
    "center_z": 22.37344,
    "size_x": 17.562,
    "size_y": 26.7456,
    "size_z": 22.5321
}