{
    "center_x": -31.55543859649123,
    "center_y": -12.892457894736841,
    "center_z": -24.969199999999997,
    "size_x": 24.0119,
    "size_y": 17.6587,
    "size_z": 23.6838
}