{
    "center_x": -13.468671428571428,
    "center_y": -7.758717142857144,
    "center_z": 21.769537142857143,
    "size_x": 19.4021,
    "size_y": 19.0039,
    "size_z": 23.409200000000002
}