{
    "center_x": -3.4802200000000005,
    "center_y": 24.46451142857143,
    "center_z": 57.21322285714286,
    "size_x": 23.4954,
    "size_y": 16.5558,
    "size_z": 17.493100000000005
}