{
    "center_x": 10.325682142857142,
    "center_y": -24.538757142857143,
    "center_z": 57.808321428571425,
    "size_x": 25.9017,
    "size_y": 18.583,
    "size_z": 13.386699999999998
}