{
    "center_x": -2.2992647058823534,
    "center_y": -4.785129411764705,
    "center_z": -5.827923529411764,
    "size_x": 16.2327,
    "size_y": 15.5893,
    "size_z": 15.887699999999999
}