{
    "center_x": -35.401117073170724,
    "center_y": 53.8713951219512,
    "center_z": 89.52444146341462,
    "size_x": 18.0198,
    "size_y": 17.6216,
    "size_z": 28.99600000000001
}