{
    "center_x": 29.17206666666667,
    "center_y": -44.399014285714294,
    "center_z": 0.15768571428571435,
    "size_x": 16.838899999999995,
    "size_y": 14.726600000000005,
    "size_z": 17.5756
}