{
    "center_x": 8.784066666666666,
    "center_y": 141.99214166666664,
    "center_z": 100.54085833333333,
    "size_x": 16.2763,
    "size_y": 13.612200000000001,
    "size_z": 14.188500000000005
}