{
    "center_x": 56.369938888888875,
    "center_y": 17.12936111111111,
    "center_z": 41.12312222222222,
    "size_x": 16.4936,
    "size_y": 14.4047,
    "size_z": 16.672599999999996
}