{
    "center_x": 125.00371739130435,
    "center_y": 107.93884347826088,
    "center_z": -43.81025652173912,
    "size_x": 13.940400000000011,
    "size_y": 23.4743,
    "size_z": 15.169199999999996
}