{
    "center_x": -22.940553333333334,
    "center_y": 3.755666666666667,
    "center_z": 16.116220000000002,
    "size_x": 17.247600000000002,
    "size_y": 16.4449,
    "size_z": 14.0012
}