{
    "center_x": 32.79806,
    "center_y": 33.88003,
    "center_z": 47.44352,
    "size_x": 13.0231,
    "size_y": 12.713000000000001,
    "size_z": 15.271700000000003
}