{
    "center_x": -20.142706451612902,
    "center_y": 3.1469096774193543,
    "center_z": -7.253229032258064,
    "size_x": 22.847,
    "size_y": 18.9182,
    "size_z": 16.2622
}