{
    "center_x": 16.515506666666667,
    "center_y": 17.33286666666667,
    "center_z": 10.971033333333333,
    "size_x": 18.201900000000002,
    "size_y": 13.469800000000001,
    "size_z": 13.2959
}