{
    "center_x": -38.85824193548387,
    "center_y": -113.82281290322581,
    "center_z": 222.9300709677419,
    "size_x": 15.583200000000005,
    "size_y": 17.59230000000001,
    "size_z": 22.7569
}