{
    "center_x": 124.3919967741935,
    "center_y": 105.28630322580644,
    "center_z": -46.05034838709676,
    "size_x": 16.53909999999999,
    "size_y": 23.907600000000002,
    "size_z": 20.731900000000003
}