{
    "center_x": -7.789728947368421,
    "center_y": 11.828344736842107,
    "center_z": -1.9488894736842106,
    "size_x": 19.5777,
    "size_y": 17.812600000000003,
    "size_z": 22.2315
}