{
    "center_x": 6.684312499999999,
    "center_y": 82.04583125,
    "center_z": 0.29676874999999997,
    "size_x": 16.7481,
    "size_y": 12.176999999999992,
    "size_z": 15.825099999999999
}