{
    "center_x": -20.266727777777778,
    "center_y": -11.75551388888889,
    "center_z": 18.229277777777774,
    "size_x": 19.7962,
    "size_y": 17.7149,
    "size_z": 22.5785
}