{
    "center_x": -17.066768,
    "center_y": -21.087452,
    "center_z": -0.07103999999999994,
    "size_x": 19.3333,
    "size_y": 16.9816,
    "size_z": 15.876000000000001
}