{
    "center_x": -65.37767435897436,
    "center_y": -36.3963641025641,
    "center_z": 96.91537179487176,
    "size_x": 25.951100000000004,
    "size_y": 21.9671,
    "size_z": 20.1096
}