{
    "center_x": -12.839763157894739,
    "center_y": -11.596710526315789,
    "center_z": 50.51549473684211,
    "size_x": 18.105999999999998,
    "size_y": 14.8797,
    "size_z": 17.259900000000002
}