{
    "center_x": -13.527204545454545,
    "center_y": -2.208481818181818,
    "center_z": -14.350977272727272,
    "size_x": 17.1111,
    "size_y": 16.3929,
    "size_z": 20.0717
}