{
    "center_x": -8.140304000000002,
    "center_y": 29.264384,
    "center_z": -12.027712,
    "size_x": 17.2817,
    "size_y": 14.622800000000002,
    "size_z": 19.206599999999998
}