{
    "center_x": -107.9511,
    "center_y": -176.49165384615384,
    "center_z": 311.6052846153846,
    "size_x": 15.50269999999999,
    "size_y": 13.672699999999992,
    "size_z": 15.733100000000036
}