{
    "center_x": 26.958554838709674,
    "center_y": 10.428696774193547,
    "center_z": 37.76634516129032,
    "size_x": 23.450999999999997,
    "size_y": 13.8727,
    "size_z": 19.3617
}