{
    "center_x": -0.1702083333333336,
    "center_y": -47.95650416666666,
    "center_z": 53.605175,
    "size_x": 18.7303,
    "size_y": 15.440199999999997,
    "size_z": 16.9063
}