{
    "center_x": 33.72103793103447,
    "center_y": 0.4576103448275861,
    "center_z": -18.333220689655175,
    "size_x": 17.825499999999998,
    "size_y": 20.995,
    "size_z": 17.258399999999998
}