{
    "center_x": 42.4404576923077,
    "center_y": 31.259692307692315,
    "center_z": 32.49325,
    "size_x": 23.3968,
    "size_y": 19.007099999999998,
    "size_z": 16.403599999999997
}