{
    "center_x": 2.0646866666666663,
    "center_y": 0.7938866666666667,
    "center_z": 26.451939999999997,
    "size_x": 16.1229,
    "size_y": 15.668800000000001,
    "size_z": 14.720299999999998
}