{
    "center_x": 19.764130612244895,
    "center_y": -0.25647142857142846,
    "center_z": 18.828542857142857,
    "size_x": 20.732799999999997,
    "size_y": 21.122700000000002,
    "size_z": 23.9347
}