{
    "center_x": -12.52537894736842,
    "center_y": -20.202755263157893,
    "center_z": 17.51321052631579,
    "size_x": 25.0689,
    "size_y": 21.895699999999998,
    "size_z": 19.269199999999998
}