{
    "center_x": 17.794371428571427,
    "center_y": -32.010535714285716,
    "center_z": -1.6722500000000002,
    "size_x": 16.0338,
    "size_y": 14.906099999999995,
    "size_z": 15.521799999999999
}