{
    "center_x": 51.17871538461539,
    "center_y": 20.646753846153846,
    "center_z": 11.919546153846152,
    "size_x": 16.834600000000002,
    "size_y": 14.622499999999999,
    "size_z": 10.4378
}