{
    "center_x": -2.485192857142857,
    "center_y": 10.398914285714286,
    "center_z": 18.428964285714283,
    "size_x": 13.6619,
    "size_y": 23.6518,
    "size_z": 13.584600000000002
}