{
    "center_x": 4.677325000000001,
    "center_y": -9.72084375,
    "center_z": 22.189481250000004,
    "size_x": 18.059800000000003,
    "size_y": 19.3674,
    "size_z": 22.7719
}