{
    "center_x": 33.2514,
    "center_y": -10.467654545454547,
    "center_z": -4.863169696969698,
    "size_x": 18.566399999999998,
    "size_y": 21.471400000000003,
    "size_z": 20.9073
}