{
    "center_x": 62.102717948717945,
    "center_y": 17.830051282051283,
    "center_z": 44.60937948717948,
    "size_x": 24.081899999999997,
    "size_y": 21.1023,
    "size_z": 20.057700000000004
}