{
    "center_x": 2.2310833333333333,
    "center_y": 0.3637749999999998,
    "center_z": 23.035974999999997,
    "size_x": 14.5425,
    "size_y": 18.3423,
    "size_z": 17.1853
}