{
    "center_x": -35.42622142857143,
    "center_y": 8.8035,
    "center_z": -27.388375,
    "size_x": 19.504400000000004,
    "size_y": 14.991500000000002,
    "size_z": 19.902100000000004
}