{
    "center_x": -5.9769999999999985,
    "center_y": 25.495163636363632,
    "center_z": -4.527065909090909,
    "size_x": 25.8394,
    "size_y": 20.2779,
    "size_z": 24.4964
}