{
    "center_x": -29.120900000000002,
    "center_y": 87.50625454545452,
    "center_z": -11.453918181818183,
    "size_x": 15.3918,
    "size_y": 15.267299999999992,
    "size_z": 13.492600000000001
}