{
    "center_x": 35.449,
    "center_y": 40.44893437500001,
    "center_z": -6.106821874999999,
    "size_x": 20.4801,
    "size_y": 17.768900000000002,
    "size_z": 23.4557
}