{
    "center_x": 13.94120303030303,
    "center_y": 9.876915151515151,
    "center_z": 15.170466666666668,
    "size_x": 17.035600000000002,
    "size_y": 20.6231,
    "size_z": 22.160899999999998
}