{
    "center_x": 69.21193529411764,
    "center_y": 80.96831176470589,
    "center_z": 286.6813176470589,
    "size_x": 18.804500000000004,
    "size_y": 13.593699999999998,
    "size_z": 14.220900000000029
}