{
    "center_x": 8.952656521739131,
    "center_y": 38.248134782608695,
    "center_z": 59.918213043478275,
    "size_x": 17.115000000000002,
    "size_y": 16.200700000000005,
    "size_z": 18.6
}