{
    "center_x": 81.08741363636365,
    "center_y": 5.234181818181818,
    "center_z": 31.16755454545455,
    "size_x": 17.902100000000004,
    "size_y": 14.7805,
    "size_z": 20.811000000000003
}