{
    "center_x": 27.559696428571424,
    "center_y": 2.413471428571428,
    "center_z": 5.416721428571429,
    "size_x": 17.8522,
    "size_y": 19.971600000000002,
    "size_z": 19.0077
}