{
    "center_x": 27.573736363636364,
    "center_y": 54.64362727272726,
    "center_z": 10.838045454545457,
    "size_x": 19.570100000000004,
    "size_y": 21.549299999999995,
    "size_z": 19.8027
}