{
    "center_x": 12.806422857142852,
    "center_y": 15.812894285714284,
    "center_z": -10.748334285714282,
    "size_x": 21.1455,
    "size_y": 20.9292,
    "size_z": 18.1748
}