{
    "center_x": 0.08902380952380973,
    "center_y": 3.481419047619047,
    "center_z": 7.761066666666666,
    "size_x": 17.0882,
    "size_y": 14.1709,
    "size_z": 18.7646
}