{
    "center_x": 68.74227222222223,
    "center_y": 34.93188888888889,
    "center_z": 19.44678888888889,
    "size_x": 18.071799999999996,
    "size_y": 15.717500000000001,
    "size_z": 13.959799999999998
}