{
    "center_x": 19.789923076923074,
    "center_y": 13.096480769230775,
    "center_z": 22.537011538461538,
    "size_x": 19.8266,
    "size_y": 17.4462,
    "size_z": 15.639200000000002
}