{
    "center_x": -5.012221621621621,
    "center_y": -18.62498648648649,
    "center_z": 38.209918918918916,
    "size_x": 20.8477,
    "size_y": 19.249299999999998,
    "size_z": 22.1507
}