{
    "center_x": 17.293688888888884,
    "center_y": 17.403499999999998,
    "center_z": 20.314677777777774,
    "size_x": 16.2598,
    "size_y": 11.7955,
    "size_z": 19.3581
}