{
    "center_x": -86.81884545454547,
    "center_y": -41.37202727272727,
    "center_z": -57.809127272727274,
    "size_x": 14.03309999999999,
    "size_y": 12.0244,
    "size_z": 15.198
}