{
    "center_x": 46.7767625,
    "center_y": 67.67810000000001,
    "center_z": -12.804108333333334,
    "size_x": 17.469099999999997,
    "size_y": 21.570700000000002,
    "size_z": 17.355000000000004
}