{
    "center_x": -22.522920000000003,
    "center_y": 1.0900872727272723,
    "center_z": -0.7510818181818182,
    "size_x": 21.3769,
    "size_y": 25.028399999999998,
    "size_z": 18.6663
}