{
    "center_x": 23.775697058823532,
    "center_y": -8.00215294117647,
    "center_z": 20.93014117647059,
    "size_x": 17.7586,
    "size_y": 15.0511,
    "size_z": 29.305300000000003
}