{
    "center_x": -2.349588888888889,
    "center_y": 103.54341111111111,
    "center_z": 27.25185555555555,
    "size_x": 14.066600000000001,
    "size_y": 12.583300000000008,
    "size_z": 13.863
}