{
    "center_x": 1.697511363636364,
    "center_y": 5.006636363636364,
    "center_z": -23.144070454545457,
    "size_x": 22.9207,
    "size_y": 20.7979,
    "size_z": 17.7257
}