{
    "center_x": -8.709499999999998,
    "center_y": 5.880018749999999,
    "center_z": 6.10544375,
    "size_x": 16.508499999999998,
    "size_y": 16.9248,
    "size_z": 14.5561
}