{
    "center_x": 114.27608095238095,
    "center_y": 134.3270619047619,
    "center_z": 62.0919619047619,
    "size_x": 17.740799999999993,
    "size_y": 17.398599999999988,
    "size_z": 12.445900000000002
}