{
    "center_x": 27.140362500000002,
    "center_y": -13.330675000000001,
    "center_z": 85.90772500000001,
    "size_x": 13.1979,
    "size_y": 14.087399999999999,
    "size_z": 12.262
}