{
    "center_x": 69.78135624999999,
    "center_y": 49.76950624999999,
    "center_z": 10.2191625,
    "size_x": 15.516499999999994,
    "size_y": 14.381099999999996,
    "size_z": 18.409
}