{
    "center_x": -1.4635136363636363,
    "center_y": 5.985513636363637,
    "center_z": 46.770254545454556,
    "size_x": 17.2349,
    "size_y": 18.9658,
    "size_z": 14.732500000000002
}