{
    "center_x": -10.915360714285715,
    "center_y": 56.18400357142857,
    "center_z": 49.829499999999996,
    "size_x": 19.147399999999998,
    "size_y": 16.6034,
    "size_z": 18.4437
}