{
    "center_x": -49.74092307692308,
    "center_y": 12.651653846153847,
    "center_z": 59.40274615384616,
    "size_x": 15.878499999999995,
    "size_y": 14.0926,
    "size_z": 16.017599999999995
}