{
    "center_x": 7.823217777777778,
    "center_y": 9.912828888888894,
    "center_z": 49.8474088888889,
    "size_x": 21.7583,
    "size_y": 24.0368,
    "size_z": 21.749300000000005
}