{
    "center_x": -23.45931176470589,
    "center_y": -38.444009803921574,
    "center_z": 40.28333921568628,
    "size_x": 25.1442,
    "size_y": 26.311,
    "size_z": 24.052899999999998
}