{
    "center_x": 12.08912,
    "center_y": 23.464835555555556,
    "center_z": 5.504459999999998,
    "size_x": 22.7839,
    "size_y": 22.2346,
    "size_z": 17.9433
}