{
    "center_x": 4.584424137931034,
    "center_y": 31.047831034482755,
    "center_z": 5.082531034482758,
    "size_x": 20.1398,
    "size_y": 17.203200000000002,
    "size_z": 18.717599999999997
}