{
    "center_x": 36.21181935483871,
    "center_y": -3.253193548387097,
    "center_z": -9.48624516129032,
    "size_x": 16.402499999999996,
    "size_y": 24.509900000000002,
    "size_z": 21.1778
}