{
    "center_x": -10.893731578947367,
    "center_y": 1.2573894736842108,
    "center_z": -6.606215789473686,
    "size_x": 14.8063,
    "size_y": 16.698,
    "size_z": 17.9102
}