{
    "center_x": -31.6919,
    "center_y": 19.727033333333335,
    "center_z": 35.16253888888888,
    "size_x": 20.5979,
    "size_y": 15.1174,
    "size_z": 13.308900000000001
}