{
    "center_x": -2.6629217391304345,
    "center_y": 80.24706086956523,
    "center_z": 66.84480000000003,
    "size_x": 13.8668,
    "size_y": 19.981700000000004,
    "size_z": 19.958400000000005
}