{
    "center_x": 65.3996875,
    "center_y": 35.0759875,
    "center_z": 25.61511875,
    "size_x": 14.991599999999998,
    "size_y": 16.564700000000002,
    "size_z": 16.331999999999997
}