{
    "center_x": 5.579035849056604,
    "center_y": -30.583637735849052,
    "center_z": -4.415996226415094,
    "size_x": 21.3367,
    "size_y": 21.0267,
    "size_z": 31.259900000000002
}