{
    "center_x": 22.860915,
    "center_y": 12.65634,
    "center_z": 65.19352500000001,
    "size_x": 17.0148,
    "size_y": 16.454,
    "size_z": 15.825799999999994
}