{
    "center_x": 13.502204651162787,
    "center_y": -6.529288372093025,
    "center_z": 6.62922558139535,
    "size_x": 18.597499999999997,
    "size_y": 21.735599999999998,
    "size_z": 22.7282
}