{
    "center_x": 2.5806205882352944,
    "center_y": 63.67386470588235,
    "center_z": 68.5915323529412,
    "size_x": 16.5138,
    "size_y": 21.452300000000008,
    "size_z": 24.515299999999996
}