{
    "center_x": -10.019188636363635,
    "center_y": 46.074813636363636,
    "center_z": 1.3272295454545453,
    "size_x": 21.5562,
    "size_y": 19.342599999999997,
    "size_z": 20.353099999999998
}