{
    "center_x": 17.321131372549015,
    "center_y": 8.34868431372549,
    "center_z": 11.413921568627458,
    "size_x": 22.0687,
    "size_y": 21.310000000000002,
    "size_z": 19.6675
}