{
    "center_x": -0.9965,
    "center_y": -31.837018750000002,
    "center_z": 33.1028625,
    "size_x": 14.9662,
    "size_y": 14.302400000000002,
    "size_z": 16.4816
}