{
    "center_x": -119.306185,
    "center_y": 203.538,
    "center_z": -0.38134,
    "size_x": 12.8647,
    "size_y": 18.7748,
    "size_z": 18.4942
}