{
    "center_x": -20.181004,
    "center_y": -1.6119719999999997,
    "center_z": -19.335684,
    "size_x": 16.9867,
    "size_y": 22.8125,
    "size_z": 16.3902
}