{
    "center_x": -25.78526470588235,
    "center_y": -18.43634705882353,
    "center_z": -14.671723529411764,
    "size_x": 17.2901,
    "size_y": 14.455000000000002,
    "size_z": 16.707099999999997
}