{
    "center_x": -33.882375,
    "center_y": -6.140992857142858,
    "center_z": 23.594325,
    "size_x": 19.8274,
    "size_y": 19.3178,
    "size_z": 17.883699999999997
}