{
    "center_x": -31.60519230769231,
    "center_y": -62.93797307692308,
    "center_z": -13.530726923076916,
    "size_x": 19.134700000000002,
    "size_y": 15.119299999999996,
    "size_z": 19.359199999999998
}