{
    "center_x": -11.885205,
    "center_y": 2.8962799999999995,
    "center_z": 10.222909999999999,
    "size_x": 13.746799999999999,
    "size_y": 14.7948,
    "size_z": 20.9403
}