{
    "center_x": -8.4857,
    "center_y": 8.042607142857143,
    "center_z": 17.414649999999998,
    "size_x": 15.2381,
    "size_y": 14.3476,
    "size_z": 15.430900000000001
}