{
    "center_x": 14.12965820895522,
    "center_y": 8.714267164179105,
    "center_z": 6.904397014925373,
    "size_x": 23.3223,
    "size_y": 29.185299999999998,
    "size_z": 28.163
}