{
    "center_x": 19.783769230769227,
    "center_y": -25.1254,
    "center_z": 7.93939230769231,
    "size_x": 17.1329,
    "size_y": 13.038900000000002,
    "size_z": 15.4084
}