{
    "center_x": 20.069911111111107,
    "center_y": 22.040000000000006,
    "center_z": 9.448716666666666,
    "size_x": 17.158900000000003,
    "size_y": 17.5435,
    "size_z": 12.515
}