{
    "center_x": 14.434318181818183,
    "center_y": 2.5964454545454547,
    "center_z": 38.56912727272727,
    "size_x": 19.253899999999998,
    "size_y": 13.818200000000001,
    "size_z": 16.872100000000003
}