{
    "center_x": 16.159486666666666,
    "center_y": 10.555973333333334,
    "center_z": 35.51701333333334,
    "size_x": 16.6925,
    "size_y": 17.7564,
    "size_z": 15.5443
}