{
    "center_x": -30.535290322580646,
    "center_y": 3.937551612903225,
    "center_z": -20.91581612903226,
    "size_x": 26.655400000000004,
    "size_y": 13.065,
    "size_z": 18.423499999999997
}