{
    "center_x": 12.231036842105267,
    "center_y": -8.120550000000001,
    "center_z": -3.0014947368421057,
    "size_x": 18.4256,
    "size_y": 22.8962,
    "size_z": 18.467399999999998
}