{
    "center_x": -22.139418518518514,
    "center_y": -19.660392592592594,
    "center_z": 12.841725925925926,
    "size_x": 16.0837,
    "size_y": 18.6162,
    "size_z": 21.1682
}