{
    "center_x": 14.916794117647061,
    "center_y": -57.7747294117647,
    "center_z": -43.37424705882353,
    "size_x": 19.4251,
    "size_y": 13.641800000000003,
    "size_z": 15.845200000000006
}