{
    "center_x": 7.557044000000001,
    "center_y": -3.460768000000001,
    "center_z": 34.24054,
    "size_x": 14.1395,
    "size_y": 19.2668,
    "size_z": 18.7793
}