{
    "center_x": 23.9626,
    "center_y": 41.14383333333333,
    "center_z": 19.403216666666665,
    "size_x": 18.9939,
    "size_y": 15.3962,
    "size_z": 17.050600000000003
}