{
    "center_x": 19.035116,
    "center_y": -7.708871999999998,
    "center_z": 18.628256,
    "size_x": 19.6224,
    "size_y": 18.1245,
    "size_z": 17.727999999999998
}