{
    "center_x": 1.3871272727272728,
    "center_y": 0.8684545454545454,
    "center_z": 13.606124242424242,
    "size_x": 20.1371,
    "size_y": 19.6303,
    "size_z": 15.586
}