{
    "center_x": -50.39022727272728,
    "center_y": 63.168593939393936,
    "center_z": -18.186945454545455,
    "size_x": 25.055099999999996,
    "size_y": 17.011399999999995,
    "size_z": 15.955799999999998
}