{
    "center_x": -18.131395652173914,
    "center_y": 35.99576086956522,
    "center_z": 43.81113913043478,
    "size_x": 18.219,
    "size_y": 14.132399999999997,
    "size_z": 18.0392
}