{
    "center_x": -31.184059999999995,
    "center_y": -14.241613333333333,
    "center_z": 21.832636666666666,
    "size_x": 19.9968,
    "size_y": 21.060000000000002,
    "size_z": 20.9453
}