{
    "center_x": -49.647131249999994,
    "center_y": 4.357697916666666,
    "center_z": 29.861720833333326,
    "size_x": 21.1492,
    "size_y": 21.688299999999998,
    "size_z": 24.2983
}