{
    "center_x": 21.68928823529412,
    "center_y": 34.065358823529415,
    "center_z": 9.580652941176469,
    "size_x": 14.501100000000001,
    "size_y": 18.0703,
    "size_z": 15.196000000000002
}