{
    "center_x": 26.588809523809523,
    "center_y": 26.780428571428573,
    "center_z": 68.92218571428572,
    "size_x": 14.426400000000001,
    "size_y": 19.6278,
    "size_z": 15.926500000000004
}