{
    "center_x": 20.649276190476193,
    "center_y": 11.421030952380956,
    "center_z": -12.58531904761905,
    "size_x": 26.5208,
    "size_y": 24.6349,
    "size_z": 31.925700000000003
}