{
    "center_x": 8.482416666666667,
    "center_y": 33.236583333333336,
    "center_z": -1.9565,
    "size_x": 16.2095,
    "size_y": 19.015600000000003,
    "size_z": 14.2128
}