{
    "center_x": 49.588521212121215,
    "center_y": 53.608081818181816,
    "center_z": 18.982921212121205,
    "size_x": 19.055,
    "size_y": 20.456200000000003,
    "size_z": 17.347
}