{
    "center_x": 40.53622727272727,
    "center_y": -19.675027272727274,
    "center_z": 12.3735,
    "size_x": 14.9546,
    "size_y": 12.0075,
    "size_z": 13.2517
}