{
    "center_x": 34.6237,
    "center_y": 13.845188888888892,
    "center_z": 54.65313333333333,
    "size_x": 11.923900000000003,
    "size_y": 14.578299999999999,
    "size_z": 13.2074
}