{
    "center_x": 9.40126956521739,
    "center_y": 13.859091304347828,
    "center_z": 25.228265217391307,
    "size_x": 16.1606,
    "size_y": 18.2743,
    "size_z": 17.3641
}