{
    "center_x": 23.81619411764706,
    "center_y": 18.107888235294116,
    "center_z": -11.89784705882353,
    "size_x": 13.696099999999998,
    "size_y": 19.4518,
    "size_z": 14.6479
}