{
    "center_x": 29.044051851851854,
    "center_y": -6.021985185185185,
    "center_z": 9.366988888888889,
    "size_x": 18.336399999999998,
    "size_y": 16.4602,
    "size_z": 23.1081
}