{
    "center_x": 35.907149999999994,
    "center_y": 40.96679285714286,
    "center_z": -3.613814285714285,
    "size_x": 13.188899999999997,
    "size_y": 15.813099999999999,
    "size_z": 15.7751
}