{
    "center_x": 0.1991090909090909,
    "center_y": -35.89632727272728,
    "center_z": 44.967054545454545,
    "size_x": 13.4887,
    "size_y": 14.433999999999997,
    "size_z": 14.013200000000005
}