{
    "center_x": -1.2835239999999999,
    "center_y": -10.228948,
    "center_z": 18.6407,
    "size_x": 15.879999999999999,
    "size_y": 20.2883,
    "size_z": 19.8328
}