{
    "center_x": -20.64172,
    "center_y": 7.64151142857143,
    "center_z": -16.411505714285713,
    "size_x": 19.9809,
    "size_y": 18.8898,
    "size_z": 17.679299999999998
}