{
    "center_x": -19.875164285714284,
    "center_y": 27.73561785714285,
    "center_z": -18.779364285714284,
    "size_x": 26.3042,
    "size_y": 21.5461,
    "size_z": 22.5422
}