{
    "center_x": 15.85601333333333,
    "center_y": 51.45376222222223,
    "center_z": 39.203217777777766,
    "size_x": 19.938200000000002,
    "size_y": 22.0959,
    "size_z": 19.4692
}