{
    "center_x": -3.0846185185185186,
    "center_y": -35.26185925925926,
    "center_z": 24.81755185185185,
    "size_x": 20.1019,
    "size_y": 16.194900000000004,
    "size_z": 17.186899999999998
}