{
    "center_x": 14.458672727272727,
    "center_y": 3.194390909090909,
    "center_z": 36.466736363636365,
    "size_x": 15.267500000000002,
    "size_y": 12.717600000000001,
    "size_z": 14.153100000000002
}