{
    "center_x": 13.78143823529412,
    "center_y": -7.956329411764706,
    "center_z": 25.919811764705884,
    "size_x": 23.842799999999997,
    "size_y": 17.7788,
    "size_z": 23.866199999999996
}