{
    "center_x": -21.278851612903228,
    "center_y": -13.015358064516128,
    "center_z": -9.543064516129034,
    "size_x": 16.3669,
    "size_y": 15.265699999999999,
    "size_z": 22.871000000000002
}