{
    "center_x": 35.87617999999999,
    "center_y": 39.502511428571424,
    "center_z": -5.524477142857143,
    "size_x": 20.351899999999997,
    "size_y": 18.088,
    "size_z": 22.5342
}