{
    "center_x": 0.5914931034482758,
    "center_y": -35.31294827586208,
    "center_z": -33.61103793103449,
    "size_x": 16.6025,
    "size_y": 19.914,
    "size_z": 20.630000000000003
}