{
    "center_x": -22.9453,
    "center_y": 59.114888888888885,
    "center_z": 14.36808888888889,
    "size_x": 13.1252,
    "size_y": 12.307700000000004,
    "size_z": 15.294399999999998
}