{
    "center_x": 10.337147368421052,
    "center_y": 36.21728947368421,
    "center_z": 18.625468421052638,
    "size_x": 20.2865,
    "size_y": 14.769199999999998,
    "size_z": 12.9849
}