{
    "center_x": 16.190458333333332,
    "center_y": 14.771816666666666,
    "center_z": 35.512283333333336,
    "size_x": 12.632800000000001,
    "size_y": 15.021700000000001,
    "size_z": 15.214399999999998
}