{
    "center_x": 34.91700370370369,
    "center_y": 23.916951851851852,
    "center_z": 30.272133333333336,
    "size_x": 18.379099999999998,
    "size_y": 19.744799999999998,
    "size_z": 22.826499999999996
}