{
    "center_x": 10.348011764705882,
    "center_y": -11.893470588235294,
    "center_z": 16.17862352941177,
    "size_x": 15.9828,
    "size_y": 18.352,
    "size_z": 14.2673
}