{
    "center_x": 33.817229999999995,
    "center_y": 22.751695,
    "center_z": 28.047044999999997,
    "size_x": 16.2032,
    "size_y": 17.0286,
    "size_z": 17.480900000000002
}