{
    "center_x": 25.070690625,
    "center_y": 46.27868125,
    "center_z": -28.610371875000002,
    "size_x": 20.4962,
    "size_y": 17.490699999999997,
    "size_z": 19.5237
}