{
    "center_x": -5.191082758620689,
    "center_y": 28.883268965517242,
    "center_z": 10.430993103448277,
    "size_x": 21.5075,
    "size_y": 22.7869,
    "size_z": 17.2697
}