{
    "center_x": -12.67216666666667,
    "center_y": -18.919249999999998,
    "center_z": 18.787208333333332,
    "size_x": 14.3111,
    "size_y": 15.527000000000001,
    "size_z": 12.7699
}