{
    "center_x": -1.5046687499999998,
    "center_y": 44.245156249999994,
    "center_z": 14.630849999999995,
    "size_x": 20.0992,
    "size_y": 16.049800000000005,
    "size_z": 19.2325
}