{
    "center_x": -2.6625510204081624,
    "center_y": -10.611793877551023,
    "center_z": 21.107344897959184,
    "size_x": 29.1278,
    "size_y": 21.5527,
    "size_z": 22.4127
}