{
    "center_x": -1.7097000000000002,
    "center_y": 14.76651,
    "center_z": 16.93016,
    "size_x": 11.7534,
    "size_y": 14.297699999999999,
    "size_z": 15.626100000000001
}