{
    "center_x": 21.279162499999998,
    "center_y": 29.593249999999998,
    "center_z": -33.54433125,
    "size_x": 15.170099999999998,
    "size_y": 15.959700000000002,
    "size_z": 17.4104
}