{
    "center_x": 33.72533529411764,
    "center_y": 36.871711764705886,
    "center_z": 61.876958823529414,
    "size_x": 14.5855,
    "size_y": 18.235,
    "size_z": 14.128799999999998
}