{
    "center_x": 76.533125,
    "center_y": 44.421271428571416,
    "center_z": 29.297153571428577,
    "size_x": 21.6002,
    "size_y": 20.083400000000005,
    "size_z": 17.7766
}