{
    "center_x": 10.47663157894737,
    "center_y": 41.509452631578945,
    "center_z": 32.57395526315788,
    "size_x": 20.0045,
    "size_y": 18.6592,
    "size_z": 20.878500000000003
}