{
    "center_x": 17.269311111111115,
    "center_y": 4.025072222222222,
    "center_z": 15.114983333333335,
    "size_x": 16.9167,
    "size_y": 19.4632,
    "size_z": 15.2678
}