{
    "center_x": 6.464751020408161,
    "center_y": -16.948426530612245,
    "center_z": 19.971006122448976,
    "size_x": 23.3322,
    "size_y": 18.5092,
    "size_z": 18.8815
}