{
    "center_x": 17.076284615384612,
    "center_y": 6.9999769230769235,
    "center_z": 13.680630769230769,
    "size_x": 17.2185,
    "size_y": 20.195,
    "size_z": 20.0554
}