{
    "center_x": 0.3253529411764704,
    "center_y": 30.67081470588235,
    "center_z": 17.266276470588235,
    "size_x": 17.536099999999998,
    "size_y": 22.172800000000002,
    "size_z": 22.273000000000003
}