{
    "center_x": 2.66698,
    "center_y": 13.080446666666667,
    "center_z": 23.82091333333334,
    "size_x": 13.2934,
    "size_y": 16.546100000000003,
    "size_z": 16.1326
}