{
    "center_x": 32.068684999999995,
    "center_y": 24.139824999999995,
    "center_z": 64.99985,
    "size_x": 15.8353,
    "size_y": 18.264999999999997,
    "size_z": 14.501399999999997
}