{
    "center_x": 69.74999285714286,
    "center_y": -2.0272214285714285,
    "center_z": 75.07049285714287,
    "size_x": 17.622699999999995,
    "size_y": 14.581,
    "size_z": 14.228000000000009
}