{
    "center_x": 27.915027586206893,
    "center_y": 2.324344827586207,
    "center_z": 6.220537931034483,
    "size_x": 19.5922,
    "size_y": 18.840600000000002,
    "size_z": 18.7471
}