{
    "center_x": 5.204385,
    "center_y": -32.5279025,
    "center_z": 26.714455000000005,
    "size_x": 21.4712,
    "size_y": 19.961399999999998,
    "size_z": 21.115099999999998
}