{
    "center_x": 36.37269615384615,
    "center_y": 40.72397307692308,
    "center_z": -3.870426923076924,
    "size_x": 17.0417,
    "size_y": 18.773300000000006,
    "size_z": 19.2228
}