{
    "center_x": 16.230300000000003,
    "center_y": 17.332006666666665,
    "center_z": 20.80806666666666,
    "size_x": 15.0485,
    "size_y": 12.734000000000002,
    "size_z": 18.7504
}