{
    "center_x": 1.5891857142857144,
    "center_y": 33.864447619047624,
    "center_z": 136.50284285714287,
    "size_x": 15.9008,
    "size_y": 19.0339,
    "size_z": 14.37469999999999
}