{
    "center_x": 48.05062432432434,
    "center_y": 10.015316216216217,
    "center_z": 2.917524324324324,
    "size_x": 19.6346,
    "size_y": 26.8978,
    "size_z": 17.2072
}