{
    "center_x": -24.147621739130436,
    "center_y": -22.042526086956517,
    "center_z": -2.9206000000000008,
    "size_x": 14.550699999999999,
    "size_y": 16.8395,
    "size_z": 19.6616
}