{
    "center_x": 11.044253571428571,
    "center_y": -1.9739249999999995,
    "center_z": -7.170207142857142,
    "size_x": 18.2058,
    "size_y": 16.3212,
    "size_z": 19.7931
}