{
    "center_x": 54.36355714285715,
    "center_y": -42.91795714285714,
    "center_z": -18.08277619047619,
    "size_x": 15.6661,
    "size_y": 13.3506,
    "size_z": 21.173099999999998
}