{
    "center_x": 42.29873243243243,
    "center_y": 30.942345945945945,
    "center_z": 34.47052702702702,
    "size_x": 21.2393,
    "size_y": 20.262,
    "size_z": 24.046200000000002
}