{
    "center_x": -18.31690731707317,
    "center_y": -8.845509756097561,
    "center_z": 1.5172512195121957,
    "size_x": 25.8827,
    "size_y": 17.8652,
    "size_z": 19.331899999999997
}