{
    "center_x": 12.841741666666664,
    "center_y": -24.47704166666667,
    "center_z": -27.460549999999998,
    "size_x": 20.134600000000002,
    "size_y": 16.8004,
    "size_z": 16.9979
}