{
    "center_x": 30.868139999999993,
    "center_y": 28.953506666666666,
    "center_z": -5.45131,
    "size_x": 19.712200000000003,
    "size_y": 16.7154,
    "size_z": 19.4364
}