{
    "center_x": 10.78782941176471,
    "center_y": -7.453467647058822,
    "center_z": 107.52641764705879,
    "size_x": 20.3368,
    "size_y": 18.9921,
    "size_z": 21.79700000000001
}