{
    "center_x": 18.023707142857145,
    "center_y": 54.57073214285714,
    "center_z": 37.12276428571429,
    "size_x": 25.366300000000003,
    "size_y": 22.9497,
    "size_z": 15.321799999999996
}