{
    "center_x": 59.76281020408162,
    "center_y": -1.0923489795918364,
    "center_z": 0.20065918367346916,
    "size_x": 24.4313,
    "size_y": 20.707,
    "size_z": 21.2132
}