{
    "center_x": 80.48746190476191,
    "center_y": 84.27769047619047,
    "center_z": 111.38538571428573,
    "size_x": 15.919699999999992,
    "size_y": 21.459900000000005,
    "size_z": 15.662900000000008
}