{
    "center_x": -1.00286875,
    "center_y": -32.810768749999994,
    "center_z": 32.441756250000005,
    "size_x": 14.9444,
    "size_y": 13.930600000000002,
    "size_z": 18.347299999999997
}