{
    "center_x": 14.753952631578949,
    "center_y": 9.017852631578947,
    "center_z": 11.491573684210527,
    "size_x": 15.650100000000002,
    "size_y": 16.3206,
    "size_z": 13.3206
}