{
    "center_x": 26.701213333333335,
    "center_y": 66.85422000000001,
    "center_z": 72.19733333333333,
    "size_x": 19.376099999999997,
    "size_y": 14.117499999999993,
    "size_z": 11.90740000000001
}