{
    "center_x": 36.90353529411765,
    "center_y": 32.504611764705885,
    "center_z": 23.39273529411765,
    "size_x": 14.995399999999997,
    "size_y": 16.2588,
    "size_z": 14.514199999999999
}