{
    "center_x": 39.29209166666666,
    "center_y": -8.000958333333335,
    "center_z": -27.755908333333338,
    "size_x": 24.6591,
    "size_y": 13.6846,
    "size_z": 14.0809
}