{
    "center_x": 40.39975319148937,
    "center_y": 47.1043659574468,
    "center_z": 54.606617021276605,
    "size_x": 27.5248,
    "size_y": 19.613299999999995,
    "size_z": 19.3009
}