{
    "center_x": 10.934054054054055,
    "center_y": -46.50714054054053,
    "center_z": 13.922210810810814,
    "size_x": 18.4487,
    "size_y": 18.6747,
    "size_z": 20.1602
}