{
    "center_x": -11.61346,
    "center_y": -53.26486,
    "center_z": -6.473470000000001,
    "size_x": 12.4887,
    "size_y": 15.690599999999996,
    "size_z": 13.868200000000002
}