{
    "center_x": 17.968999999999998,
    "center_y": 29.49115,
    "center_z": -6.00345,
    "size_x": 12.499499999999998,
    "size_y": 13.453600000000002,
    "size_z": 12.4499
}