{
    "center_x": 15.224436111111105,
    "center_y": 21.439761111111114,
    "center_z": -50.740741666666665,
    "size_x": 21.9792,
    "size_y": 23.3856,
    "size_z": 16.815800000000003
}