{
    "center_x": -19.002383333333338,
    "center_y": 37.23094166666667,
    "center_z": -1.1303333333333334,
    "size_x": 16.159200000000002,
    "size_y": 15.562899999999999,
    "size_z": 18.9544
}