{
    "center_x": -30.536608333333334,
    "center_y": -11.900783333333331,
    "center_z": 13.286983333333334,
    "size_x": 15.9437,
    "size_y": 12.6849,
    "size_z": 15.4945
}