{
    "center_x": 35.21738611111111,
    "center_y": 41.33234999999999,
    "center_z": -6.9705972222222226,
    "size_x": 18.021,
    "size_y": 17.4386,
    "size_z": 25.2268
}