{
    "center_x": -33.63758571428572,
    "center_y": 18.758125000000003,
    "center_z": 31.11628928571428,
    "size_x": 14.685899999999997,
    "size_y": 21.55,
    "size_z": 18.691100000000002
}