{
    "center_x": -5.120691304347827,
    "center_y": 23.850017391304345,
    "center_z": 12.82109130434783,
    "size_x": 18.7865,
    "size_y": 15.590399999999999,
    "size_z": 15.844599999999998
}