{
    "center_x": -3.1324200000000006,
    "center_y": 32.809823333333334,
    "center_z": 80.20397,
    "size_x": 20.4167,
    "size_y": 21.7861,
    "size_z": 20.220100000000002
}