{
    "center_x": 178.88344400000003,
    "center_y": 19.624276000000005,
    "center_z": 46.168499999999995,
    "size_x": 18.185699999999997,
    "size_y": 19.2105,
    "size_z": 17.6958
}