{
    "center_x": -30.149733333333334,
    "center_y": -12.748199999999999,
    "center_z": -27.35393333333333,
    "size_x": 15.231000000000002,
    "size_y": 12.655299999999999,
    "size_z": 13.033100000000001
}