{
    "center_x": -7.9228000000000005,
    "center_y": 28.366095238095244,
    "center_z": 17.280261904761907,
    "size_x": 16.8121,
    "size_y": 18.5414,
    "size_z": 15.930299999999999
}