{
    "center_x": 26.193417391304344,
    "center_y": 89.85001739130433,
    "center_z": -6.941439130434781,
    "size_x": 21.8217,
    "size_y": 15.003600000000006,
    "size_z": 17.458199999999998
}