{
    "center_x": -9.564734782608696,
    "center_y": 48.70157826086956,
    "center_z": 38.04622173913044,
    "size_x": 14.955400000000001,
    "size_y": 19.352900000000005,
    "size_z": 20.392399999999995
}