{
    "center_x": 20.541586666666664,
    "center_y": 94.18664666666668,
    "center_z": 25.321366666666666,
    "size_x": 18.1937,
    "size_y": 13.055999999999997,
    "size_z": 14.251000000000001
}