{
    "center_x": 10.61152222222222,
    "center_y": -9.384677777777776,
    "center_z": 38.399633333333334,
    "size_x": 12.2312,
    "size_y": 11.744299999999999,
    "size_z": 15.025100000000002
}