{
    "center_x": 42.188545161290314,
    "center_y": 51.6164064516129,
    "center_z": 67.26617096774193,
    "size_x": 20.4529,
    "size_y": 20.8234,
    "size_z": 15.0077
}