{
    "center_x": 26.944985714285714,
    "center_y": -23.225805714285713,
    "center_z": 22.949094285714278,
    "size_x": 24.2316,
    "size_y": 16.3686,
    "size_z": 16.5952
}