{
    "center_x": 25.77529090909091,
    "center_y": 27.3048090909091,
    "center_z": 18.46441212121212,
    "size_x": 23.761400000000002,
    "size_y": 18.4879,
    "size_z": 18.7002
}