{
    "center_x": 11.052865217391304,
    "center_y": 18.66184347826087,
    "center_z": 27.433899999999994,
    "size_x": 17.950899999999997,
    "size_y": 17.4585,
    "size_z": 16.7011
}