{
    "center_x": 31.179858620689657,
    "center_y": 44.550299999999986,
    "center_z": 34.600155172413785,
    "size_x": 21.1828,
    "size_y": 18.7275,
    "size_z": 18.714400000000005
}