{
    "center_x": -40.39724444444445,
    "center_y": 43.69505925925926,
    "center_z": 25.627966666666666,
    "size_x": 16.565199999999997,
    "size_y": 18.532999999999994,
    "size_z": 19.997400000000003
}