{
    "center_x": -42.01456875,
    "center_y": -2.398828125,
    "center_z": 1.9764687499999996,
    "size_x": 20.173700000000004,
    "size_y": 15.4694,
    "size_z": 18.178800000000003
}