{
    "center_x": 33.081218181818194,
    "center_y": 38.622918181818186,
    "center_z": 27.08328181818182,
    "size_x": 14.568999999999999,
    "size_y": 14.605699999999999,
    "size_z": 11.278000000000002
}