{
    "center_x": -35.128637499999996,
    "center_y": -1.978725,
    "center_z": -33.112199999999994,
    "size_x": 14.393099999999997,
    "size_y": 14.771,
    "size_z": 12.414099999999998
}