{
    "center_x": -2.52295,
    "center_y": 16.592286842105267,
    "center_z": 14.257692105263153,
    "size_x": 22.0923,
    "size_y": 27.2567,
    "size_z": 19.1563
}