{
    "center_x": -19.432055172413786,
    "center_y": 54.25362068965517,
    "center_z": 17.258168965517243,
    "size_x": 17.072699999999998,
    "size_y": 22.4144,
    "size_z": 20.273699999999998
}