{
    "center_x": 30.629026086956518,
    "center_y": -3.3921739130434783,
    "center_z": 19.83878260869565,
    "size_x": 20.309,
    "size_y": 15.1019,
    "size_z": 20.1167
}