{
    "center_x": -41.567187499999996,
    "center_y": 24.8866375,
    "center_z": -9.8461,
    "size_x": 12.877099999999999,
    "size_y": 11.5106,
    "size_z": 15.0883
}