{
    "center_x": -8.547780000000001,
    "center_y": -22.245165,
    "center_z": 11.689320000000002,
    "size_x": 17.1585,
    "size_y": 19.0016,
    "size_z": 15.3996
}