{
    "center_x": 11.684571428571429,
    "center_y": 49.27288571428572,
    "center_z": 48.96261428571428,
    "size_x": 13.231399999999999,
    "size_y": 11.537500000000001,
    "size_z": 13.815600000000003
}