{
    "center_x": 17.17433636363636,
    "center_y": 0.6331654545454546,
    "center_z": 26.27465272727272,
    "size_x": 22.834699999999998,
    "size_y": 26.5582,
    "size_z": 19.6135
}