{
    "center_x": 0.79475,
    "center_y": -38.535714999999996,
    "center_z": -0.05144500000000003,
    "size_x": 12.9073,
    "size_y": 17.200700000000005,
    "size_z": 18.5554
}