{
    "center_x": -29.086972,
    "center_y": 1.9539559999999998,
    "center_z": 1.1010280000000001,
    "size_x": 18.1631,
    "size_y": 20.977899999999998,
    "size_z": 13.6289
}