{
    "center_x": -10.491078260869562,
    "center_y": -10.974043478260871,
    "center_z": 15.021508695652173,
    "size_x": 14.8741,
    "size_y": 16.504399999999997,
    "size_z": 21.8095
}