{
    "center_x": 16.77136470588235,
    "center_y": 5.136676470588235,
    "center_z": 47.91727058823529,
    "size_x": 16.287499999999998,
    "size_y": 16.0672,
    "size_z": 16.1012
}