{
    "center_x": 47.158339285714284,
    "center_y": 12.251414285714285,
    "center_z": 2.3017535714285713,
    "size_x": 16.6269,
    "size_y": 21.204500000000003,
    "size_z": 15.8568
}