{
    "center_x": 28.850562500000002,
    "center_y": 22.33841875,
    "center_z": -5.115071874999999,
    "size_x": 23.5584,
    "size_y": 19.485300000000002,
    "size_z": 16.7756
}