{
    "center_x": 55.424920833333324,
    "center_y": 2.269041666666667,
    "center_z": 4.3616833333333345,
    "size_x": 18.776599999999995,
    "size_y": 20.290399999999998,
    "size_z": 14.5831
}