{
    "center_x": -2.09229375,
    "center_y": 3.18286875,
    "center_z": 10.06015,
    "size_x": 17.3356,
    "size_y": 16.863599999999998,
    "size_z": 13.182599999999999
}