{
    "center_x": 4.372338095238096,
    "center_y": 68.6054142857143,
    "center_z": 65.60361904761905,
    "size_x": 15.7926,
    "size_y": 17.4322,
    "size_z": 17.482000000000006
}