{
    "center_x": -48.68390227272727,
    "center_y": -20.20756590909091,
    "center_z": 23.418229545454547,
    "size_x": 17.803000000000004,
    "size_y": 29.197100000000002,
    "size_z": 20.0339
}