{
    "center_x": -5.685815,
    "center_y": 48.47425,
    "center_z": 17.190324999999994,
    "size_x": 17.0208,
    "size_y": 15.643600000000006,
    "size_z": 17.6024
}