{
    "center_x": -24.793563043478258,
    "center_y": -24.967917391304344,
    "center_z": 0.02837173913043483,
    "size_x": 19.5638,
    "size_y": 19.5078,
    "size_z": 26.421300000000002
}