{
    "center_x": 75.54885666666668,
    "center_y": -25.740603333333336,
    "center_z": 81.06748666666667,
    "size_x": 19.887600000000006,
    "size_y": 22.377200000000002,
    "size_z": 20.534000000000006
}