{
    "center_x": 19.9502875,
    "center_y": -55.897431250000004,
    "center_z": -40.7980375,
    "size_x": 13.5002,
    "size_y": 19.277700000000003,
    "size_z": 16.677600000000005
}