{
    "center_x": -44.33963409090909,
    "center_y": 49.845518181818186,
    "center_z": -24.658356818181815,
    "size_x": 17.325200000000002,
    "size_y": 22.4172,
    "size_z": 26.2105
}