{
    "center_x": 11.039279310344831,
    "center_y": 27.106986206896558,
    "center_z": -3.357444827586207,
    "size_x": 13.4664,
    "size_y": 19.5837,
    "size_z": 24.9739
}