{
    "center_x": -18.756777777777778,
    "center_y": 1.750974074074074,
    "center_z": 8.145681481481482,
    "size_x": 16.802,
    "size_y": 18.813299999999998,
    "size_z": 21.2319
}