{
    "center_x": 23.854692857142854,
    "center_y": 36.58405,
    "center_z": 41.63506428571429,
    "size_x": 16.3445,
    "size_y": 12.4343,
    "size_z": 13.732100000000003
}