{
    "center_x": 27.678419354838713,
    "center_y": 2.585851612903226,
    "center_z": 6.18724193548387,
    "size_x": 18.395400000000002,
    "size_y": 18.3841,
    "size_z": 21.607
}