{
    "center_x": 16.239833333333333,
    "center_y": 12.696975000000002,
    "center_z": 41.15578333333333,
    "size_x": 14.028699999999999,
    "size_y": 14.342400000000001,
    "size_z": 15.133899999999997
}