{
    "center_x": 51.580226315789474,
    "center_y": -2.2617368421052633,
    "center_z": 22.23931578947368,
    "size_x": 14.280900000000003,
    "size_y": 16.2802,
    "size_z": 17.6862
}