{
    "center_x": 44.51688823529412,
    "center_y": 78.03458235294116,
    "center_z": 11.595670588235292,
    "size_x": 14.033499999999997,
    "size_y": 16.544300000000007,
    "size_z": 14.3072
}