{
    "center_x": 82.753165,
    "center_y": -13.143289999999999,
    "center_z": 3.3679099999999993,
    "size_x": 18.1896,
    "size_y": 17.816699999999997,
    "size_z": 13.575
}