{
    "center_x": 22.418484615384614,
    "center_y": 21.07723461538461,
    "center_z": 97.41165769230768,
    "size_x": 16.8582,
    "size_y": 18.5775,
    "size_z": 21.238799999999998
}