{
    "center_x": -65.33212031250001,
    "center_y": -10.484923437499999,
    "center_z": 303.30428437499984,
    "size_x": 20.219299999999997,
    "size_y": 28.0488,
    "size_z": 23.07510000000002
}