{
    "center_x": 41.83852857142856,
    "center_y": -20.20329142857143,
    "center_z": 29.256491428571426,
    "size_x": 22.877100000000006,
    "size_y": 23.258699999999997,
    "size_z": 16.625
}