{
    "center_x": 23.27368620689655,
    "center_y": -18.381196551724134,
    "center_z": 0.4584241379310346,
    "size_x": 23.9529,
    "size_y": 15.210599999999998,
    "size_z": 18.9548
}