{
    "center_x": -27.280961904761906,
    "center_y": 2.0756476190476185,
    "center_z": -4.891538095238095,
    "size_x": 16.3652,
    "size_y": 19.3778,
    "size_z": 13.011
}