{
    "center_x": 25.123343478260875,
    "center_y": 13.206721739130437,
    "center_z": -25.44229130434782,
    "size_x": 20.6618,
    "size_y": 16.681199999999997,
    "size_z": 14.7395
}