{
    "center_x": 109.77447,
    "center_y": 105.95216,
    "center_z": 67.52038999999999,
    "size_x": 12.771100000000004,
    "size_y": 13.310500000000005,
    "size_z": 14.559300000000007
}