{
    "center_x": 37.0842380952381,
    "center_y": -0.3856238095238098,
    "center_z": 12.581109523809525,
    "size_x": 16.0015,
    "size_y": 20.3297,
    "size_z": 13.600100000000001
}