{
    "center_x": -1.349023076923077,
    "center_y": -5.873046153846153,
    "center_z": 107.48594615384614,
    "size_x": 15.2606,
    "size_y": 15.939,
    "size_z": 12.575999999999993
}