{
    "center_x": -3.66495,
    "center_y": 2.0890125,
    "center_z": 29.000475,
    "size_x": 15.2153,
    "size_y": 14.5709,
    "size_z": 17.4845
}