{
    "center_x": 5.378715,
    "center_y": 26.497119999999995,
    "center_z": 6.979690000000001,
    "size_x": 24.6729,
    "size_y": 21.166600000000003,
    "size_z": 21.2687
}