{
    "center_x": 12.948833333333333,
    "center_y": 50.060925,
    "center_z": 30.591091666666667,
    "size_x": 15.741200000000001,
    "size_y": 13.067799999999998,
    "size_z": 16.0059
}