{
    "center_x": 8.540799999999999,
    "center_y": -2.7312904761904764,
    "center_z": 0.5083380952380953,
    "size_x": 21.6137,
    "size_y": 16.3631,
    "size_z": 15.1106
}