{
    "center_x": 35.338255,
    "center_y": -21.580022500000002,
    "center_z": 39.48988500000001,
    "size_x": 19.423799999999996,
    "size_y": 21.409,
    "size_z": 20.831899999999997
}