{
    "center_x": 9.898193548387097,
    "center_y": 0.4374806451612903,
    "center_z": 21.962403225806447,
    "size_x": 16.1582,
    "size_y": 15.237,
    "size_z": 21.6008
}