{
    "center_x": 16.74141428571429,
    "center_y": -6.7545142857142855,
    "center_z": 14.36936071428571,
    "size_x": 15.030999999999999,
    "size_y": 19.2333,
    "size_z": 20.117900000000002
}