{
    "center_x": 20.630648275862065,
    "center_y": 18.829665517241377,
    "center_z": 66.17965862068965,
    "size_x": 19.1118,
    "size_y": 20.062199999999997,
    "size_z": 14.539500000000004
}