{
    "center_x": 14.813507999999999,
    "center_y": 5.101279999999999,
    "center_z": 0.08357599999999993,
    "size_x": 17.3848,
    "size_y": 20.072499999999998,
    "size_z": 14.7798
}