{
    "center_x": -21.02407272727273,
    "center_y": -29.898631818181812,
    "center_z": -3.7113090909090904,
    "size_x": 17.8488,
    "size_y": 15.583700000000004,
    "size_z": 17.5632
}