{
    "center_x": 45.603115,
    "center_y": 86.60305,
    "center_z": 41.872220000000006,
    "size_x": 18.6503,
    "size_y": 17.2594,
    "size_z": 14.246599999999994
}