{
    "center_x": 13.834789473684213,
    "center_y": 19.66448947368421,
    "center_z": 22.58917894736842,
    "size_x": 18.5384,
    "size_y": 16.681700000000003,
    "size_z": 17.9206
}