{
    "center_x": 19.190076470588238,
    "center_y": 13.005870588235293,
    "center_z": 89.43842352941179,
    "size_x": 15.5684,
    "size_y": 18.2853,
    "size_z": 12.731200000000001
}