{
    "center_x": 11.0809625,
    "center_y": -22.324737500000005,
    "center_z": -18.787675,
    "size_x": 16.6296,
    "size_y": 15.397000000000002,
    "size_z": 13.416699999999999
}