{
    "center_x": 40.66394090909091,
    "center_y": 14.385450000000002,
    "center_z": 141.73982272727272,
    "size_x": 16.6115,
    "size_y": 16.635399999999997,
    "size_z": 20.2688
}