{
    "center_x": -7.7963499999999994,
    "center_y": -11.42926153846154,
    "center_z": 12.392523076923075,
    "size_x": 13.2872,
    "size_y": 22.0546,
    "size_z": 20.4646
}