{
    "center_x": 25.426505555555554,
    "center_y": 5.250077777777778,
    "center_z": 58.00437222222222,
    "size_x": 16.837100000000003,
    "size_y": 17.839,
    "size_z": 16.257399999999997
}