{
    "center_x": 82.82550799999999,
    "center_y": 8.278072,
    "center_z": 66.349096,
    "size_x": 20.1361,
    "size_y": 18.619100000000003,
    "size_z": 13.581999999999994
}