{
    "center_x": 15.337662068965514,
    "center_y": 51.04976551724139,
    "center_z": 156.92669655172418,
    "size_x": 20.8161,
    "size_y": 15.043799999999997,
    "size_z": 22.11699999999999
}