{
    "center_x": -15.680494285714287,
    "center_y": -0.39911714285714284,
    "center_z": 22.28243428571428,
    "size_x": 20.623,
    "size_y": 19.5883,
    "size_z": 22.3838
}