{
    "center_x": 16.480299999999996,
    "center_y": 28.16445,
    "center_z": 4.245364285714286,
    "size_x": 15.106599999999998,
    "size_y": 15.965699999999998,
    "size_z": 13.5674
}