{
    "center_x": 5.179572500000001,
    "center_y": 18.7668825,
    "center_z": 7.182165000000002,
    "size_x": 22.6676,
    "size_y": 19.1565,
    "size_z": 17.26
}