{
    "center_x": -8.309257894736842,
    "center_y": 81.36184736842104,
    "center_z": -0.21808421052631607,
    "size_x": 15.0689,
    "size_y": 15.46650000000001,
    "size_z": 18.9472
}