{
    "center_x": 12.749782352941178,
    "center_y": 14.90827647058823,
    "center_z": 2.6574568627450983,
    "size_x": 21.128800000000002,
    "size_y": 17.1346,
    "size_z": 23.9989
}