{
    "center_x": -20.184388888888886,
    "center_y": 17.066533333333332,
    "center_z": 27.938322222222226,
    "size_x": 13.058699999999998,
    "size_y": 13.593100000000002,
    "size_z": 14.557200000000002
}