{
    "center_x": 8.577230769230768,
    "center_y": 28.826530769230768,
    "center_z": 16.52615384615385,
    "size_x": 18.7819,
    "size_y": 12.2409,
    "size_z": 13.1152
}