{
    "center_x": 23.67598125,
    "center_y": -39.3973375,
    "center_z": 6.227356250000001,
    "size_x": 18.0606,
    "size_y": 21.7104,
    "size_z": 19.770400000000002
}