{
    "center_x": -128.64938620689657,
    "center_y": -171.3359517241379,
    "center_z": 115.15008620689655,
    "size_x": 19.43719999999999,
    "size_y": 15.251599999999996,
    "size_z": 18.37490000000001
}