{
    "center_x": 24.2458347826087,
    "center_y": -24.080500000000004,
    "center_z": 345.7539391304348,
    "size_x": 15.811699999999998,
    "size_y": 15.009799999999998,
    "size_z": 18.68979999999999
}