{
    "center_x": -34.233939393939394,
    "center_y": 53.336769696969704,
    "center_z": 88.25622727272726,
    "size_x": 15.919400000000003,
    "size_y": 16.682899999999997,
    "size_z": 25.1806
}