{
    "center_x": -44.53611923076922,
    "center_y": 13.821973076923074,
    "center_z": 7.2766769230769235,
    "size_x": 17.973200000000006,
    "size_y": 22.6411,
    "size_z": 15.636199999999999
}