{
    "center_x": 18.861539285714287,
    "center_y": 25.205074999999997,
    "center_z": -13.429599999999999,
    "size_x": 16.5594,
    "size_y": 16.189999999999998,
    "size_z": 20.371299999999998
}