{
    "center_x": 23.615021052631576,
    "center_y": -5.9389315789473685,
    "center_z": -4.480747368421053,
    "size_x": 15.3843,
    "size_y": 17.718400000000003,
    "size_z": 17.500700000000002
}