{
    "center_x": 0.05149473684210509,
    "center_y": 69.5817052631579,
    "center_z": 38.199284210526315,
    "size_x": 17.7769,
    "size_y": 18.037300000000002,
    "size_z": 12.8583
}