{
    "center_x": -24.077850000000005,
    "center_y": 20.03085384615385,
    "center_z": 32.65287307692307,
    "size_x": 16.907899999999998,
    "size_y": 18.9365,
    "size_z": 18.520200000000003
}