{
    "center_x": -25.786214814814812,
    "center_y": 23.875259259259256,
    "center_z": -23.172977777777774,
    "size_x": 16.8244,
    "size_y": 19.654799999999998,
    "size_z": 25.158099999999997
}