{
    "center_x": 47.33175806451612,
    "center_y": 11.333735483870965,
    "center_z": 2.002877419354839,
    "size_x": 19.0071,
    "size_y": 22.8494,
    "size_z": 15.7354
}