{
    "center_x": 28.081492000000004,
    "center_y": 67.54399999999998,
    "center_z": 9.251460000000002,
    "size_x": 21.698099999999997,
    "size_y": 16.211200000000005,
    "size_z": 17.720100000000002
}