{
    "center_x": -38.95839090909091,
    "center_y": -60.97427727272726,
    "center_z": -48.13828636363637,
    "size_x": 16.949999999999996,
    "size_y": 13.232799999999997,
    "size_z": 20.2382
}