{
    "center_x": -2.8163,
    "center_y": -16.533185,
    "center_z": 0.62471,
    "size_x": 13.9696,
    "size_y": 17.4032,
    "size_z": 17.887
}