{
    "center_x": -20.133633333333332,
    "center_y": 29.520233333333337,
    "center_z": 9.693615151515154,
    "size_x": 25.581400000000002,
    "size_y": 17.183999999999997,
    "size_z": 21.0354
}