{
    "center_x": 32.16284814814815,
    "center_y": 8.631159259259258,
    "center_z": 25.338851851851853,
    "size_x": 17.025,
    "size_y": 17.2977,
    "size_z": 19.3047
}