{
    "center_x": 26.221594594594592,
    "center_y": 26.067210810810806,
    "center_z": 40.42308108108109,
    "size_x": 20.0116,
    "size_y": 17.816499999999998,
    "size_z": 27.2906
}