{
    "center_x": 64.38049166666666,
    "center_y": 44.30765,
    "center_z": 26.867091666666667,
    "size_x": 13.802699999999994,
    "size_y": 16.285200000000003,
    "size_z": 16.1389
}