{
    "center_x": -25.986570588235292,
    "center_y": -18.668952941176467,
    "center_z": -14.761741176470586,
    "size_x": 17.6624,
    "size_y": 14.441399999999998,
    "size_z": 15.905200000000002
}