{
    "center_x": 1.3572441176470589,
    "center_y": 110.93745882352937,
    "center_z": 16.515044117647065,
    "size_x": 21.9924,
    "size_y": 16.01400000000001,
    "size_z": 21.986800000000002
}