{
    "center_x": 15.049935000000001,
    "center_y": 23.964035000000003,
    "center_z": -3.6814399999999994,
    "size_x": 19.3812,
    "size_y": 20.9864,
    "size_z": 14.4909
}