{
    "center_x": 20.77808125,
    "center_y": -12.192478125,
    "center_z": -15.062912500000001,
    "size_x": 17.186100000000003,
    "size_y": 16.1896,
    "size_z": 18.6245
}