{
    "center_x": 21.982950000000002,
    "center_y": -8.30615625,
    "center_z": -17.62696875,
    "size_x": 17.371299999999998,
    "size_y": 23.0366,
    "size_z": 17.8358
}