{
    "center_x": 16.54741914893617,
    "center_y": -14.846638297872346,
    "center_z": 23.202187234042558,
    "size_x": 23.8205,
    "size_y": 20.920499999999997,
    "size_z": 19.2639
}