{
    "center_x": -51.92471794871795,
    "center_y": -9.721100000000003,
    "center_z": -23.47042564102564,
    "size_x": 24.0871,
    "size_y": 20.2866,
    "size_z": 21.4376
}