{
    "center_x": 56.71190952380954,
    "center_y": 15.01814761904762,
    "center_z": 52.58567142857142,
    "size_x": 13.2945,
    "size_y": 21.2989,
    "size_z": 13.900600000000004
}