{
    "center_x": 16.752779310344827,
    "center_y": -12.807310344827588,
    "center_z": 22.59580689655172,
    "size_x": 21.9667,
    "size_y": 16.613799999999998,
    "size_z": 15.635099999999998
}