{
    "center_x": 43.02104285714286,
    "center_y": -36.223037142857144,
    "center_z": -14.04516285714286,
    "size_x": 17.6396,
    "size_y": 18.199599999999997,
    "size_z": 24.9178
}