{
    "center_x": -13.239847058823532,
    "center_y": -28.738876470588238,
    "center_z": 2.2728,
    "size_x": 20.253100000000003,
    "size_y": 14.119900000000001,
    "size_z": 15.1435
}