{
    "center_x": 34.58283529411765,
    "center_y": 32.05132352941176,
    "center_z": 59.789141176470594,
    "size_x": 15.684900000000003,
    "size_y": 16.414299999999997,
    "size_z": 15.656099999999995
}