{
    "center_x": 8.7932,
    "center_y": 1.2439777777777776,
    "center_z": 24.93597777777778,
    "size_x": 12.0165,
    "size_y": 14.9514,
    "size_z": 13.409199999999998
}