{
    "center_x": -17.557011764705884,
    "center_y": 14.106905882352946,
    "center_z": 29.66478529411764,
    "size_x": 20.0373,
    "size_y": 21.8893,
    "size_z": 20.821299999999997
}