{
    "center_x": 23.63915757575757,
    "center_y": 3.4157181818181814,
    "center_z": 58.622075757575764,
    "size_x": 19.7602,
    "size_y": 23.343899999999998,
    "size_z": 15.7226
}