{
    "center_x": 45.307811111111114,
    "center_y": 20.655844444444448,
    "center_z": 50.73631111111112,
    "size_x": 12.282900000000005,
    "size_y": 15.444899999999997,
    "size_z": 13.819000000000003
}