{
    "center_x": 37.397724999999994,
    "center_y": 66.99884,
    "center_z": 0.021294999999999974,
    "size_x": 12.5732,
    "size_y": 22.026199999999996,
    "size_z": 15.4812
}