{
    "center_x": -34.49496176470588,
    "center_y": 32.43065294117646,
    "center_z": -13.625520588235293,
    "size_x": 18.3181,
    "size_y": 17.714199999999998,
    "size_z": 18.8383
}