{
    "center_x": 68.27637692307691,
    "center_y": 100.0200115384615,
    "center_z": 88.73442692307692,
    "size_x": 15.058000000000007,
    "size_y": 21.494199999999992,
    "size_z": 19.9306
}