{
    "center_x": 10.505164285714287,
    "center_y": 52.748739285714294,
    "center_z": -12.119960714285712,
    "size_x": 19.7338,
    "size_y": 20.7194,
    "size_z": 16.093
}