{
    "center_x": 39.33822142857143,
    "center_y": 36.340128571428565,
    "center_z": 29.812407142857147,
    "size_x": 17.6184,
    "size_y": 17.871799999999997,
    "size_z": 18.4255
}