{
    "center_x": -20.233253846153847,
    "center_y": 4.708253846153846,
    "center_z": -3.794676923076923,
    "size_x": 15.479800000000001,
    "size_y": 16.103299999999997,
    "size_z": 13.264899999999999
}