{
    "center_x": -34.12130303030303,
    "center_y": 53.146848484848476,
    "center_z": 88.42996969696972,
    "size_x": 15.269300000000001,
    "size_y": 16.5741,
    "size_z": 25.945999999999998
}