{
    "center_x": 22.187599999999996,
    "center_y": 10.01819090909091,
    "center_z": 34.37007272727272,
    "size_x": 14.925900000000002,
    "size_y": 13.617600000000001,
    "size_z": 14.363199999999999
}