{
    "center_x": 15.798353333333331,
    "center_y": 2.3862999999999994,
    "center_z": 15.52778,
    "size_x": 14.9532,
    "size_y": 15.7932,
    "size_z": 16.0908
}