{
    "center_x": 4.58643870967742,
    "center_y": 1.449709677419355,
    "center_z": -4.459541935483871,
    "size_x": 17.254,
    "size_y": 17.7712,
    "size_z": 17.8912
}