{
    "center_x": 9.426409090909091,
    "center_y": 23.192054545454543,
    "center_z": 13.619613636363631,
    "size_x": 17.786,
    "size_y": 17.9756,
    "size_z": 20.929100000000002
}