{
    "center_x": 46.542686206896555,
    "center_y": 18.02168275862069,
    "center_z": 17.906593103448277,
    "size_x": 16.966800000000006,
    "size_y": 22.0056,
    "size_z": 18.897999999999996
}