{
    "center_x": -21.26556111111111,
    "center_y": 34.98268888888889,
    "center_z": 31.58727777777777,
    "size_x": 15.1127,
    "size_y": 15.681000000000001,
    "size_z": 16.725699999999996
}