{
    "center_x": 3.3366473684210534,
    "center_y": 67.41488421052632,
    "center_z": 63.497494736842114,
    "size_x": 15.135100000000001,
    "size_y": 16.181099999999994,
    "size_z": 15.722500000000004
}