{
    "center_x": -5.093871428571428,
    "center_y": -4.775607142857142,
    "center_z": 12.532628571428571,
    "size_x": 16.5489,
    "size_y": 13.631599999999999,
    "size_z": 16.6306
}