{
    "center_x": -32.80995,
    "center_y": 5.1491999999999996,
    "center_z": -10.216022727272728,
    "size_x": 15.808699999999998,
    "size_y": 16.9197,
    "size_z": 17.904600000000002
}