{
    "center_x": -8.490766666666664,
    "center_y": 33.713977777777785,
    "center_z": -33.10337037037038,
    "size_x": 19.1825,
    "size_y": 20.3037,
    "size_z": 17.7187
}