{
    "center_x": -13.93563103448276,
    "center_y": 6.764879310344829,
    "center_z": -14.81831379310345,
    "size_x": 17.6104,
    "size_y": 15.6859,
    "size_z": 22.9145
}