{
    "center_x": 23.30100416666667,
    "center_y": 15.394458333333334,
    "center_z": 32.0675375,
    "size_x": 22.6315,
    "size_y": 19.9589,
    "size_z": 16.027399999999997
}