{
    "center_x": -16.902825,
    "center_y": -7.43475,
    "center_z": -22.174487499999994,
    "size_x": 19.057000000000002,
    "size_y": 18.1916,
    "size_z": 20.3003
}