{
    "center_x": 5.41342,
    "center_y": 36.11295,
    "center_z": 27.811384999999994,
    "size_x": 17.128,
    "size_y": 16.7395,
    "size_z": 18.2821
}