{
    "center_x": 5.376076470588236,
    "center_y": 12.546770588235292,
    "center_z": 25.30135294117647,
    "size_x": 25.587200000000003,
    "size_y": 15.770100000000001,
    "size_z": 15.3656
}