{
    "center_x": -16.67462,
    "center_y": -0.6366799999999999,
    "center_z": 88.14984999999999,
    "size_x": 14.7697,
    "size_y": 14.019,
    "size_z": 13.274200000000008
}