{
    "center_x": 26.6665,
    "center_y": -7.517781818181818,
    "center_z": 42.66398181818182,
    "size_x": 13.486899999999999,
    "size_y": 15.5461,
    "size_z": 14.464199999999998
}