{
    "center_x": -11.907310344827584,
    "center_y": -5.114186206896551,
    "center_z": -9.565020689655173,
    "size_x": 22.268,
    "size_y": 14.9663,
    "size_z": 18.3457
}