{
    "center_x": 0.8300066666666669,
    "center_y": -9.870993333333333,
    "center_z": 35.93313000000001,
    "size_x": 16.4909,
    "size_y": 16.4258,
    "size_z": 23.263100000000005
}