{
    "center_x": -7.9752600000000005,
    "center_y": 32.114779999999996,
    "center_z": -12.315160000000002,
    "size_x": 13.231000000000002,
    "size_y": 13.951900000000002,
    "size_z": 14.278500000000001
}