{
    "center_x": -48.84307307692307,
    "center_y": 5.909057692307693,
    "center_z": 23.078223076923077,
    "size_x": 19.9092,
    "size_y": 17.1336,
    "size_z": 16.0643
}