{
    "center_x": 5.64992,
    "center_y": -3.1775899999999995,
    "center_z": 19.02317,
    "size_x": 14.1998,
    "size_y": 13.867,
    "size_z": 12.015
}