{
    "center_x": 128.017744,
    "center_y": -2.893772,
    "center_z": 35.493012,
    "size_x": 16.456299999999985,
    "size_y": 20.1268,
    "size_z": 16.330599999999997
}