{
    "center_x": 57.056483333333325,
    "center_y": 77.00349583333332,
    "center_z": -5.0453166666666664,
    "size_x": 17.3977,
    "size_y": 14.796999999999997,
    "size_z": 17.415999999999997
}