{
    "center_x": 22.301917241379307,
    "center_y": 43.27554137931033,
    "center_z": -20.51464827586206,
    "size_x": 13.602,
    "size_y": 18.3468,
    "size_z": 25.822000000000003
}