{
    "center_x": 34.792808333333326,
    "center_y": 23.05009166666667,
    "center_z": 28.771616666666663,
    "size_x": 20.2372,
    "size_y": 17.335,
    "size_z": 18.631999999999998
}