{
    "center_x": 17.353636363636365,
    "center_y": -11.81168181818182,
    "center_z": 9.04445,
    "size_x": 18.193399999999997,
    "size_y": 18.1406,
    "size_z": 16.4066
}