{
    "center_x": 65.912795,
    "center_y": 20.957385,
    "center_z": 8.333680000000003,
    "size_x": 15.607100000000003,
    "size_y": 15.662500000000001,
    "size_z": 17.0126
}