{
    "center_x": -31.663383870967742,
    "center_y": -1.3225483870967742,
    "center_z": -9.369299999999999,
    "size_x": 20.2187,
    "size_y": 16.4012,
    "size_z": 20.2632
}