{
    "center_x": 8.08868,
    "center_y": 23.75311,
    "center_z": 32.474515,
    "size_x": 18.4325,
    "size_y": 16.9271,
    "size_z": 14.5656
}