{
    "center_x": 7.563697368421054,
    "center_y": 30.33490789473683,
    "center_z": 56.73263947368421,
    "size_x": 19.4365,
    "size_y": 19.8219,
    "size_z": 23.395700000000005
}