{
    "center_x": 35.97875333333334,
    "center_y": 50.45426000000001,
    "center_z": 13.576696666666669,
    "size_x": 27.6229,
    "size_y": 13.863399999999999,
    "size_z": 15.476099999999999
}