{
    "center_x": 16.750287500000002,
    "center_y": 55.13162916666668,
    "center_z": 36.77536666666667,
    "size_x": 20.081400000000002,
    "size_y": 21.463700000000003,
    "size_z": 14.3844
}