{
    "center_x": 15.965267500000005,
    "center_y": 29.041512500000003,
    "center_z": -76.82099250000002,
    "size_x": 19.9612,
    "size_y": 26.3981,
    "size_z": 16.88029999999999
}