{
    "center_x": 31.334442857142854,
    "center_y": 8.516228571428572,
    "center_z": 10.192085714285714,
    "size_x": 13.754399999999997,
    "size_y": 13.956900000000001,
    "size_z": 12.0388
}