{
    "center_x": 54.68588666666667,
    "center_y": -40.92017333333333,
    "center_z": 2.844926666666667,
    "size_x": 15.078199999999995,
    "size_y": 15.221400000000003,
    "size_z": 16.3343
}