{
    "center_x": 31.745386956521735,
    "center_y": 0.01825217391304351,
    "center_z": 18.154178260869564,
    "size_x": 17.3537,
    "size_y": 16.962,
    "size_z": 17.936500000000002
}