{
    "center_x": 0.8047583333333335,
    "center_y": -20.50925833333333,
    "center_z": -40.09685833333334,
    "size_x": 13.2017,
    "size_y": 16.018099999999997,
    "size_z": 14.318000000000005
}