{
    "center_x": 32.51498333333333,
    "center_y": -13.097333333333331,
    "center_z": 3.121522222222222,
    "size_x": 15.317,
    "size_y": 18.5777,
    "size_z": 15.425799999999999
}