{
    "center_x": -13.30299411764706,
    "center_y": 31.421047058823532,
    "center_z": -8.370229411764706,
    "size_x": 17.753,
    "size_y": 17.502800000000004,
    "size_z": 17.2102
}