{
    "center_x": -9.149030769230771,
    "center_y": -15.894515384615383,
    "center_z": -30.009765384615385,
    "size_x": 16.945,
    "size_y": 21.3153,
    "size_z": 18.033399999999997
}