{
    "center_x": -1.55632,
    "center_y": 51.218909999999994,
    "center_z": 165.13826999999998,
    "size_x": 21.0687,
    "size_y": 13.9632,
    "size_z": 13.168599999999998
}