{
    "center_x": 31.772533333333342,
    "center_y": 51.96713333333333,
    "center_z": -1.9872000000000003,
    "size_x": 15.1801,
    "size_y": 12.203499999999998,
    "size_z": 13.194700000000001
}