{
    "center_x": -17.25291875,
    "center_y": -41.254309375,
    "center_z": -66.64719687499999,
    "size_x": 17.430799999999998,
    "size_y": 20.077199999999998,
    "size_z": 21.273000000000003
}