{
    "center_x": -3.4265483870967746,
    "center_y": 10.49571935483871,
    "center_z": 22.26681612903226,
    "size_x": 17.2593,
    "size_y": 20.0674,
    "size_z": 21.671499999999998
}