{
    "center_x": 8.93248787878788,
    "center_y": 7.5806969696969695,
    "center_z": 98.12596969696972,
    "size_x": 19.7569,
    "size_y": 16.9543,
    "size_z": 22.080600000000004
}