{
    "center_x": -1.2509846153846156,
    "center_y": -27.392196153846154,
    "center_z": -69.40231923076925,
    "size_x": 15.916,
    "size_y": 22.7665,
    "size_z": 20.486999999999995
}