{
    "center_x": -33.680954054054055,
    "center_y": 9.002870270270272,
    "center_z": 21.16238648648649,
    "size_x": 18.026999999999997,
    "size_y": 20.1556,
    "size_z": 22.762999999999998
}