{
    "center_x": 56.17959565217391,
    "center_y": 55.993821739130446,
    "center_z": 18.224508695652172,
    "size_x": 18.723200000000006,
    "size_y": 16.097499999999997,
    "size_z": 14.739500000000001
}