{
    "center_x": 19.09797727272727,
    "center_y": 9.45590909090909,
    "center_z": -19.212609090909087,
    "size_x": 18.2887,
    "size_y": 15.3324,
    "size_z": 15.2575
}