{
    "center_x": 45.89772142857144,
    "center_y": 15.378392857142856,
    "center_z": 2.5634,
    "size_x": 15.010000000000005,
    "size_y": 15.2539,
    "size_z": 15.477599999999999
}