{
    "center_x": 84.21112499999998,
    "center_y": 14.204637499999999,
    "center_z": 35.81973750000001,
    "size_x": 14.734400000000008,
    "size_y": 15.313500000000001,
    "size_z": 15.043199999999999
}