{
    "center_x": 31.48259523809524,
    "center_y": 51.98750952380952,
    "center_z": 15.582371428571431,
    "size_x": 17.0324,
    "size_y": 16.4358,
    "size_z": 17.3435
}