{
    "center_x": 7.5325299999999995,
    "center_y": 9.470975,
    "center_z": 3.5238949999999996,
    "size_x": 19.176099999999998,
    "size_y": 13.997,
    "size_z": 14.5989
}