{
    "center_x": -1.5631799999999998,
    "center_y": -24.579919999999998,
    "center_z": 45.096729999999994,
    "size_x": 15.158,
    "size_y": 13.950599999999998,
    "size_z": 15.751599999999996
}