{
    "center_x": 27.23226451612904,
    "center_y": 0.6298870967741937,
    "center_z": 61.51432258064516,
    "size_x": 19.662200000000002,
    "size_y": 19.4705,
    "size_z": 18.227400000000003
}