{
    "center_x": 26.537414285714288,
    "center_y": 90.52562857142856,
    "center_z": -6.780861904761904,
    "size_x": 21.2452,
    "size_y": 15.1832,
    "size_z": 17.0456
}