{
    "center_x": 5.751422727272728,
    "center_y": -12.682120454545457,
    "center_z": 3.1317909090909093,
    "size_x": 21.9957,
    "size_y": 20.672600000000003,
    "size_z": 18.4491
}