{
    "center_x": 30.768664705882355,
    "center_y": -29.17124705882353,
    "center_z": 6.988747058823528,
    "size_x": 14.530600000000003,
    "size_y": 18.629199999999997,
    "size_z": 14.5071
}