{
    "center_x": 1.3807,
    "center_y": -36.882156249999994,
    "center_z": 99.80228125000001,
    "size_x": 15.2346,
    "size_y": 13.682100000000005,
    "size_z": 16.785899999999998
}