{
    "center_x": 87.0772894736842,
    "center_y": 0.7666105263157896,
    "center_z": 12.661394736842103,
    "size_x": 19.098,
    "size_y": 13.7917,
    "size_z": 17.6935
}