{
    "center_x": -37.8716,
    "center_y": 5.404964285714286,
    "center_z": 11.123971428571426,
    "size_x": 15.968600000000002,
    "size_y": 13.3188,
    "size_z": 16.0731
}