{
    "center_x": -25.268958333333334,
    "center_y": -13.386279166666668,
    "center_z": 21.41355,
    "size_x": 16.012999999999998,
    "size_y": 21.7367,
    "size_z": 16.052699999999998
}