{
    "center_x": -28.94488888888889,
    "center_y": -13.529177777777777,
    "center_z": 7.013311111111111,
    "size_x": 18.055000000000003,
    "size_y": 11.6177,
    "size_z": 15.203
}