{
    "center_x": 5.750195121951219,
    "center_y": 7.971660975609757,
    "center_z": 22.40216829268293,
    "size_x": 23.8426,
    "size_y": 23.3552,
    "size_z": 21.763699999999996
}