{
    "center_x": -26.61367714285715,
    "center_y": 4.131425714285714,
    "center_z": 11.83042,
    "size_x": 24.1311,
    "size_y": 19.902,
    "size_z": 17.4224
}