{
    "center_x": -26.182548275862068,
    "center_y": -57.8702103448276,
    "center_z": -6.870496551724138,
    "size_x": 16.240599999999997,
    "size_y": 22.610499999999995,
    "size_z": 19.5517
}