{
    "center_x": 124.81120999999999,
    "center_y": 105.14935333333334,
    "center_z": -45.75115333333334,
    "size_x": 16.145200000000003,
    "size_y": 24.198899999999995,
    "size_z": 20.408
}