{
    "center_x": 34.469305,
    "center_y": 22.914224999999995,
    "center_z": 28.354114999999997,
    "size_x": 16.938699999999997,
    "size_y": 17.489700000000003,
    "size_z": 17.6919
}