{
    "center_x": -15.014877777777782,
    "center_y": -23.623848148148156,
    "center_z": 149.8803962962963,
    "size_x": 17.4394,
    "size_y": 19.9953,
    "size_z": 16.729300000000023
}