{
    "center_x": 18.309644000000002,
    "center_y": -7.943888,
    "center_z": 86.206492,
    "size_x": 16.927799999999998,
    "size_y": 20.7275,
    "size_z": 17.305300000000003
}