{
    "center_x": 12.882031249999999,
    "center_y": 9.3181,
    "center_z": 15.24629375,
    "size_x": 15.3948,
    "size_y": 12.906100000000002,
    "size_z": 19.688699999999997
}