{
    "center_x": 31.383206060606067,
    "center_y": -1.4379151515151516,
    "center_z": 25.324966666666665,
    "size_x": 20.9313,
    "size_y": 16.685299999999998,
    "size_z": 21.6392
}