{
    "center_x": 4.013313793103449,
    "center_y": 49.05363448275861,
    "center_z": 60.18167586206897,
    "size_x": 16.5213,
    "size_y": 20.3921,
    "size_z": 18.135399999999997
}