{
    "center_x": 11.351373333333331,
    "center_y": 38.07028666666667,
    "center_z": 77.43424666666667,
    "size_x": 17.7587,
    "size_y": 13.879599999999996,
    "size_z": 14.796700000000001
}