{
    "center_x": 28.434630769230772,
    "center_y": 0.6698769230769231,
    "center_z": -12.72983076923077,
    "size_x": 13.512999999999998,
    "size_y": 17.8113,
    "size_z": 15.2201
}