{
    "center_x": 4.502752380952382,
    "center_y": -15.856814285714284,
    "center_z": -10.425371428571431,
    "size_x": 15.3233,
    "size_y": 15.5213,
    "size_z": 19.5691
}