{
    "center_x": 13.8250875,
    "center_y": 10.643995833333335,
    "center_z": 38.18748333333334,
    "size_x": 18.300800000000002,
    "size_y": 16.5837,
    "size_z": 19.4225
}