{
    "center_x": 11.68113181818182,
    "center_y": 25.069363636363633,
    "center_z": 8.259572727272726,
    "size_x": 14.769200000000001,
    "size_y": 14.561499999999999,
    "size_z": 19.3815
}