{
    "center_x": -3.151364864864865,
    "center_y": -18.24798108108108,
    "center_z": 16.751181081081086,
    "size_x": 24.1075,
    "size_y": 19.5397,
    "size_z": 16.2909
}