{
    "center_x": 18.66547272727273,
    "center_y": 16.411118181818185,
    "center_z": -26.898254545454552,
    "size_x": 13.967399999999998,
    "size_y": 15.5682,
    "size_z": 12.647100000000002
}