{
    "center_x": 9.232527272727273,
    "center_y": 19.974881818181817,
    "center_z": 9.221868181818182,
    "size_x": 16.2074,
    "size_y": 16.723100000000002,
    "size_z": 17.8079
}