{
    "center_x": 20.005687499999997,
    "center_y": 109.98451875000002,
    "center_z": 19.75569375,
    "size_x": 15.991500000000002,
    "size_y": 16.631699999999995,
    "size_z": 15.9088
}