{
    "center_x": -9.15208888888889,
    "center_y": 2.6872666666666665,
    "center_z": 8.9156,
    "size_x": 14.9102,
    "size_y": 11.5807,
    "size_z": 13.4153
}