{
    "center_x": 17.066739393939393,
    "center_y": 10.564033333333334,
    "center_z": 17.666087878787877,
    "size_x": 25.412300000000002,
    "size_y": 16.2095,
    "size_z": 21.1336
}