{
    "center_x": 11.034503225806452,
    "center_y": -24.603364516129027,
    "center_z": -20.88467096774193,
    "size_x": 21.8189,
    "size_y": 19.8096,
    "size_z": 13.786100000000001
}