{
    "center_x": 34.014294117647054,
    "center_y": -8.035870588235294,
    "center_z": 8.28810588235294,
    "size_x": 17.8674,
    "size_y": 15.5623,
    "size_z": 14.5902
}