{
    "center_x": 20.50070303030303,
    "center_y": -29.745296969696973,
    "center_z": 9.688848484848483,
    "size_x": 24.6746,
    "size_y": 17.388900000000003,
    "size_z": 21.2093
}