{
    "center_x": 65.80945384615386,
    "center_y": 58.14146153846154,
    "center_z": 73.40605384615385,
    "size_x": 17.902499999999996,
    "size_y": 14.618000000000002,
    "size_z": 12.663699999999992
}