{
    "center_x": 28.21140000000001,
    "center_y": 2.8363000000000005,
    "center_z": 48.46224545454547,
    "size_x": 19.1143,
    "size_y": 22.6765,
    "size_z": 16.736199999999997
}