{
    "center_x": -25.213394117647056,
    "center_y": 9.939917647058826,
    "center_z": 31.727799999999995,
    "size_x": 20.550800000000002,
    "size_y": 17.791900000000002,
    "size_z": 18.1028
}