{
    "center_x": 8.233879166666668,
    "center_y": 38.39588333333334,
    "center_z": 59.66610416666666,
    "size_x": 16.2661,
    "size_y": 17.0043,
    "size_z": 18.503400000000006
}