{
    "center_x": 24.854243396226416,
    "center_y": 23.447269811320748,
    "center_z": 99.8195754716981,
    "size_x": 21.076,
    "size_y": 17.5892,
    "size_z": 23.342
}