{
    "center_x": 47.34977241379312,
    "center_y": 35.00922068965517,
    "center_z": 12.122406896551722,
    "size_x": 18.9255,
    "size_y": 16.4289,
    "size_z": 18.6496
}