{
    "center_x": 67.71077058823528,
    "center_y": 22.336947058823526,
    "center_z": 190.9473470588235,
    "size_x": 12.93289999999999,
    "size_y": 17.4773,
    "size_z": 18.293299999999988
}