{
    "center_x": -1.6359918367346942,
    "center_y": 4.838395918367347,
    "center_z": 9.224204081632653,
    "size_x": 23.1412,
    "size_y": 24.2503,
    "size_z": 19.835
}