{
    "center_x": 17.162384000000003,
    "center_y": -2.4888920000000003,
    "center_z": 10.204476000000001,
    "size_x": 19.801699999999997,
    "size_y": 16.6386,
    "size_z": 15.1882
}