{
    "center_x": 51.71657777777777,
    "center_y": 23.713533333333334,
    "center_z": 46.69574444444444,
    "size_x": 14.977200000000003,
    "size_y": 13.420200000000001,
    "size_z": 12.376199999999997
}