{
    "center_x": 30.3855,
    "center_y": -3.2742833333333334,
    "center_z": 20.06833333333333,
    "size_x": 21.758900000000004,
    "size_y": 16.1665,
    "size_z": 20.0908
}