{
    "center_x": 17.35197058823529,
    "center_y": -9.67059411764706,
    "center_z": 0.21261470588235287,
    "size_x": 21.3945,
    "size_y": 18.8951,
    "size_z": 17.128700000000002
}