{
    "center_x": 3.1004730769230764,
    "center_y": -11.673561538461538,
    "center_z": -8.273103846153845,
    "size_x": 15.3229,
    "size_y": 14.3822,
    "size_z": 24.110500000000002
}