{
    "center_x": 4.5028444444444435,
    "center_y": 9.55516222222222,
    "center_z": 45.48082222222222,
    "size_x": 27.7698,
    "size_y": 19.3828,
    "size_z": 21.1648
}