{
    "center_x": 124.435025,
    "center_y": 20.672478125000005,
    "center_z": -7.614456249999999,
    "size_x": 26.554599999999994,
    "size_y": 12.508099999999999,
    "size_z": 21.9319
}