{
    "center_x": 4.227221428571428,
    "center_y": -9.273282142857143,
    "center_z": 29.74366428571429,
    "size_x": 14.9073,
    "size_y": 19.396900000000002,
    "size_z": 21.383200000000002
}