{
    "center_x": -17.490378048780485,
    "center_y": 19.66988292682927,
    "center_z": -5.796553658536586,
    "size_x": 19.0047,
    "size_y": 18.7793,
    "size_z": 18.1768
}