{
    "center_x": 15.64781818181818,
    "center_y": -12.41054090909091,
    "center_z": -2.8359045454545453,
    "size_x": 13.4877,
    "size_y": 21.0257,
    "size_z": 14.986799999999999
}