{
    "center_x": 0.6419444444444444,
    "center_y": 34.34547037037037,
    "center_z": -3.6730037037037033,
    "size_x": 17.6283,
    "size_y": 17.4169,
    "size_z": 19.174599999999998
}