{
    "center_x": -30.835287499999996,
    "center_y": 31.5994875,
    "center_z": 14.468187499999999,
    "size_x": 12.435399999999998,
    "size_y": 14.187000000000001,
    "size_z": 13.5132
}