{
    "center_x": 26.604239130434784,
    "center_y": 50.586939130434786,
    "center_z": 0.07959565217391322,
    "size_x": 13.5169,
    "size_y": 18.7718,
    "size_z": 17.8828
}