{
    "center_x": -41.89956086956523,
    "center_y": 31.423995652173918,
    "center_z": 9.010699999999998,
    "size_x": 16.613500000000002,
    "size_y": 17.661500000000004,
    "size_z": 17.0628
}