{
    "center_x": 18.729591304347824,
    "center_y": 4.089939130434783,
    "center_z": 24.449804347826092,
    "size_x": 18.8093,
    "size_y": 18.1952,
    "size_z": 16.3094
}