{
    "center_x": 27.38134,
    "center_y": -22.636088000000004,
    "center_z": 22.521884,
    "size_x": 23.029999999999998,
    "size_y": 14.712700000000002,
    "size_z": 15.948799999999999
}