{
    "center_x": 8.290795454545455,
    "center_y": -4.652990909090909,
    "center_z": 22.221368181818182,
    "size_x": 17.892899999999997,
    "size_y": 18.4979,
    "size_z": 14.776299999999999
}