{
    "center_x": 22.036996296296298,
    "center_y": -37.29793703703704,
    "center_z": -53.4537148148148,
    "size_x": 19.4608,
    "size_y": 16.3863,
    "size_z": 21.583
}