{
    "center_x": -5.2167812499999995,
    "center_y": 9.251093749999999,
    "center_z": 0.47568125000000006,
    "size_x": 13.5265,
    "size_y": 17.1917,
    "size_z": 13.9747
}