{
    "center_x": 41.75617272727273,
    "center_y": 24.92745909090909,
    "center_z": -56.17725454545455,
    "size_x": 21.858199999999997,
    "size_y": 19.746599999999997,
    "size_z": 14.877799999999993
}