{
    "center_x": 13.403084210526318,
    "center_y": 6.4062289473684215,
    "center_z": -5.94058157894737,
    "size_x": 22.6631,
    "size_y": 18.2428,
    "size_z": 19.4115
}