{
    "center_x": -0.36564999999999975,
    "center_y": 23.983703333333338,
    "center_z": -11.21488,
    "size_x": 22.518,
    "size_y": 13.018099999999997,
    "size_z": 25.6269
}