{
    "center_x": 5.087341666666668,
    "center_y": 6.385516666666665,
    "center_z": 16.87584166666667,
    "size_x": 19.9266,
    "size_y": 17.643,
    "size_z": 18.016000000000002
}