{
    "center_x": -21.811973913043477,
    "center_y": 3.9541652173913047,
    "center_z": -13.75022608695652,
    "size_x": 17.7547,
    "size_y": 21.2456,
    "size_z": 20.3141
}