{
    "center_x": -6.7049069767441845,
    "center_y": -23.499339534883724,
    "center_z": -20.59712093023256,
    "size_x": 21.2658,
    "size_y": 21.1874,
    "size_z": 20.170099999999998
}