{
    "center_x": 0.8082967741935483,
    "center_y": -9.847425806451612,
    "center_z": 35.54624516129032,
    "size_x": 16.453400000000002,
    "size_y": 16.4559,
    "size_z": 24.237900000000003
}