{
    "center_x": 19.275614285714287,
    "center_y": 0.6845114285714284,
    "center_z": 29.438951428571436,
    "size_x": 20.2063,
    "size_y": 20.1402,
    "size_z": 16.3888
}