{
    "center_x": -82.8671514285714,
    "center_y": -19.005122857142858,
    "center_z": 87.16715714285715,
    "size_x": 22.80850000000001,
    "size_y": 19.7598,
    "size_z": 20.180300000000003
}