{
    "center_x": -1.769725,
    "center_y": 8.241175,
    "center_z": 18.37802,
    "size_x": 15.6501,
    "size_y": 17.689,
    "size_z": 19.538600000000002
}