{
    "center_x": 40.19162608695652,
    "center_y": 15.128847826086957,
    "center_z": 61.90986521739132,
    "size_x": 18.943400000000004,
    "size_y": 19.2049,
    "size_z": 16.432800000000007
}