{
    "center_x": -7.727842424242423,
    "center_y": -38.23506666666667,
    "center_z": -35.67174545454546,
    "size_x": 17.3452,
    "size_y": 21.6699,
    "size_z": 18.204800000000002
}