{
    "center_x": -30.83014615384615,
    "center_y": 7.408853846153846,
    "center_z": -6.29666923076923,
    "size_x": 15.420199999999998,
    "size_y": 14.767299999999999,
    "size_z": 15.317799999999998
}