{
    "center_x": 44.361681481481476,
    "center_y": -16.742662962962967,
    "center_z": -7.716577777777779,
    "size_x": 16.7408,
    "size_y": 24.350099999999998,
    "size_z": 16.2252
}