{
    "center_x": -37.24808181818182,
    "center_y": 26.128499999999995,
    "center_z": 5.504999999999999,
    "size_x": 13.747599999999998,
    "size_y": 13.101699999999997,
    "size_z": 15.4667
}